Bus_Number,Bus_Type,PD_MW,QD_MVar,GS_MW,BS_MVar,BusArea,Vm,Va,BaseKV,LossZone,Vmax,Vmin,LAM_P,LAM_Q,MU_VMAX,MU_VMIN,Bus_Name
1,1,0,0,0,0,1,1,0,16.8,1,1.5,0.5,0,0,0,0,00460H-80
2,1,0,0,0,0,2,1,0,16.8,1,1.5,0.5,0,0,0,0,00158H
3,1,0,0,0,0,3,1,0,16.8,1,1.5,0.5,0,0,0,0,00255H-1
4,1,0,0,0,0,3,1,0,16.8,1,1.5,0.5,0,0,0,0,09096H-2
5,1,0,0,0,0,2,1,0,16.8,1,1.5,0.5,0,0,0,0,00120H-3
6,1,0,0,0,0,4,1,0,16.8,1,1.5,0.5,0,0,0,0,K2546
7,1,0,0,0,0,5,1,0,16.8,1,1.5,0.5,0,0,0,0,K3999
8,1,0,0,0,0,3,1,0,16.8,1,1.5,0.5,0,0,0,0,K7009
9,1,0,0,0,0,3,1,0,16.8,1,1.5,0.5,0,0,0,0,K7008
10,1,0,0,0,0,6,1,0,16.8,1,1.5,0.5,0,0,0,0,01068H.181
11,1,0,0,0,0,6,1,0,16.8,1,1.5,0.5,0,0,0,0,01068H.91
12,1,0,0,0,0,5,1,0,16.8,1,1.5,0.5,0,0,0,0,09077.2H
13,1,0,0,0,0,4,1,0,16.8,1,1.5,0.5,0,0,0,0,N1801465
14,1,0,0,0,0,2,1,0,16.8,1,1.5,0.5,0,0,0,0,00280H1
15,1,0.613,0.242273,0,0,3,1,0,16.8,1,1.5,0.5,0,0,0,0,00098H-1
16,1,0,0,0,0,1,1,0,16.8,1,1.5,0.5,0,0,0,0,00460H-271
17,1,0,0,0,0,4,1,0,16.8,1,1.5,0.5,0,0,0,0,K320
18,1,-0.074,0,0,0,7,1,0,0.42,1,1.5,0.5,0,0,0,0,00150N-2
19,1,0,0,0,0,4,1,0,16.8,1,1.5,0.5,0,0,0,0,05038H
20,1,0,0,0,0,4,1,0,16.8,1,1.5,0.5,0,0,0,0,05016H-10
21,1,0,0,0.00104473,0.277016,4,1,0,16.8,1,1.5,0.5,0,0,0,0,05016H-8
22,1,0,0,0,0,7,1,0,0.42,1,1.5,0.5,0,0,0,0,00102N-3
23,1,0.1759,0.06952,0,0,7,1,0,0.42,1,1.5,0.5,0,0,0,0,00102N-2
24,1,0,0,0,0,7,1,0,0.42,1,1.5,0.5,0,0,0,0,00103N-3
25,1,0.280087,0.110698,0,0,7,1,0,0.42,1,1.5,0.5,0,0,0,0,00103N-2
26,1,0,0,0,0,7,1,0,0.42,1,1.5,0.5,0,0,0,0,00103N-1
27,1,0,0,0,0,2,1,0,16.8,1,1.5,0.5,0,0,0,0,K1526
28,1,0,0,0,0,1,1,0,16.8,1,1.5,0.5,0,0,0,0,00300H-4
29,1,0.202962,0.080216,0,0,7,1,0,0.42,1,1.5,0.5,0,0,0,0,00300N-3
30,1,0,0,0,0,2,1,0,16.8,1,1.5,0.5,0,0,0,0,00224H-1
31,1,0.248966,0.098398,0,0,7,1,0,0.42,1,1.5,0.5,0,0,0,0,00224N-1
32,1,0,0,0,0,7,1,0,0.42,1,1.5,0.5,0,0,0,0,00224N-2
33,1,0,0,0,0,6,1,0,16.8,1,1.5,0.5,0,0,0,0,K3579
34,1,0,0,0,0,6,1,0,16.8,1,1.5,0.5,0,0,0,0,K3578
35,1,0,0,0,0,6,1,0,16.8,1,1.5,0.5,0,0,0,0,K3576
36,1,0,0,0,0,6,1,0,16.8,1,1.5,0.5,0,0,0,0,K3571
37,1,0.241524,0.095457,0,0,7,1,0,0.42,1,1.5,0.5,0,0,0,0,09026N
38,1,0.134631,0.05321,0,0,7,1,0,0.42,1,1.5,0.5,0,0,0,0,09035N-1
39,1,0.002706,0.00107,0,0,7,1,0,0.42,1,1.5,0.5,0,0,0,0,09060N-1
40,1,0,0,0,0,8,1,0,16.8,1,1.5,0.5,0,0,0,0,09060H
41,1,0.279411,0.11043,0,0,7,1,0,0.42,1,1.5,0.5,0,0,0,0,09038N-1
42,1,0,0,0,0,8,1,0,16.8,1,1.5,0.5,0,0,0,0,09038H
43,1,0,0,0,0,8,1,0,16.8,1,1.5,0.5,0,0,0,0,K2730
44,1,0,0,0,0,7,1,0,0.42,1,1.5,0.5,0,0,0,0,09009N-2
45,1,0.133955,0.052942,0,0,7,1,0,0.42,1,1.5,0.5,0,0,0,0,09009N-1
46,1,0,0,0,0,8,1,0,16.8,1,1.5,0.5,0,0,0,0,09009H-3
47,1,0.253702,0.10027,0,0,7,1,0,0.42,1,1.5,0.5,0,0,0,0,09031N
48,1,2.952,1.16671,0,0,3,1,0,16.8,1,1.5,0.5,0,0,0,0,09096H-91
49,1,0,0,0,0,3,1,0,16.8,1,1.5,0.5,0,0,0,0,09096H-5
50,1,0,0,0,0,7,1,0,0.42,1,1.5,0.5,0,0,0,0,09044N-2
51,1,0.104187,0.041177,0,0,7,1,0,0.42,1,1.5,0.5,0,0,0,0,09044N-1
52,1,0,0,0,0,8,1,0,16.8,1,1.5,0.5,0,0,0,0,09044H-3
53,1,0,0,0,0,8,1,0,16.8,1,1.5,0.5,0,0,0,0,09044H
54,1,0,0,0,0,8,1,0,16.8,1,1.5,0.5,0,0,0,0,09057H-1
55,1,0,0,0,0,8,1,0,16.8,1,1.5,0.5,0,0,0,0,09057H
56,1,0.260468,0.102943,0,0,7,1,0,0.42,1,1.5,0.5,0,0,0,0,09036N-2
57,1,0.255055,0.100804,0,0,7,1,0,0.42,1,1.5,0.5,0,0,0,0,09036N-1
58,1,0,0,0,0,8,1,0,16.8,1,1.5,0.5,0,0,0,0,09036H-3
59,1,0,0,0,0,7,1,0,0.42,1,1.5,0.5,0,0,0,0,09079N-2
60,1,0.487784,0.192785,0,0,7,1,0,0.42,1,1.5,0.5,0,0,0,0,00170N-5
61,1,0.20702,0.08182,0,0,7,1,0,0.42,1,1.5,0.5,0,0,0,0,00160N-3
62,1,0,0,0,0,2,1,0,16.8,1,1.5,0.5,0,0,0,0,00170H
63,1,0.039916,0.015776,0,0,7,1,0,0.42,1,1.5,0.5,0,0,0,0,00161N
64,1,0,0,0,0,2,1,0,16.8,1,1.5,0.5,0,0,0,0,00161H
65,1,0.009472,0.003743,0,0,7,1,0,0.42,1,1.5,0.5,0,0,0,0,00162N
66,1,0,0,0,0,2,1,0,16.8,1,1.5,0.5,0,0,0,0,00160H
67,1,0.138014,0.054547,0,0,7,1,0,0.42,1,1.5,0.5,0,0,0,0,00157N-2
68,1,0,0,0,0,2,1,0,16.8,1,1.5,0.5,0,0,0,0,00157H
69,1,0.189431,0.074868,0,0,7,1,0,0.42,1,1.5,0.5,0,0,0,0,00154N
70,1,0,0,0,0,2,1,0,16.8,1,1.5,0.5,0,0,0,0,00154H
71,1,0.075772,0.029947,0,0,7,1,0,0.42,1,1.5,0.5,0,0,0,0,00153N-1
72,1,0,0,0,0,2,1,0,16.8,1,1.5,0.5,0,0,0,0,00153H
73,1,0.252349,0.099735,0,0,7,1,0,0.42,1,1.5,0.5,0,0,0,0,00152N
74,1,0,0,0,0,7,1,0,0.42,1,1.5,0.5,0,0,0,0,07017N-1
75,1,0,0,0,0,7,1,0,0.42,1,1.5,0.5,0,0,0,0,07014N.2
76,1,0.010148,0.004011,0,0,7,1,0,0.42,1,1.5,0.5,0,0,0,0,07047N
77,1,0,0,0,0,4,1,0,16.8,1,1.5,0.5,0,0,0,0,K231
78,1,0,0,0,0,5,1,0,16.8,1,1.5,0.5,0,0,0,0,00010.241
79,1,0.0548,0.021658,0,0,7,1,0,0.42,1,1.5,0.5,0,0,0,0,05004N
80,1,0,0,0,0,4,1,0,16.8,1,1.5,0.5,0,0,0,0,05004H
81,1,0,0,0,0,4,1,0,16.8,1,1.5,0.5,0,0,0,0,K32
82,1,0,0,0,0,4,1,0,16.8,1,1.5,0.5,0,0,0,0,K30
83,1,0,0,0,0,4,1,0,16.8,1,1.5,0.5,0,0,0,0,K28
84,1,0,0,0,0,4,1,0,16.8,1,1.5,0.5,0,0,0,0,05005H-1
85,1,0.066977,0.026471,0,0,7,1,0,0.42,1,1.5,0.5,0,0,0,0,05007N
86,1,0.284823,0.112569,0,0,7,1,0,0.42,1,1.5,0.5,0,0,0,0,05005N-2
87,1,0.311208,0.122997,0,0,7,1,0,0.42,1,1.5,0.5,0,0,0,0,05005N-1
88,1,0,0,0,0,4,1,0,16.8,1,1.5,0.5,0,0,0,0,05007H
89,1,0,0,0,0,4,1,0,16.8,1,1.5,0.5,0,0,0,0,K25
90,1,0,0,0,0,4,1,0,16.8,1,1.5,0.5,0,0,0,0,K23
91,1,0,0,0,0,4,1,0,16.8,1,1.5,0.5,0,0,0,0,05043H-1
92,1,0,0,0,0,7,1,0,0.42,1,1.5,0.5,0,0,0,0,05043N-2
93,1,0,0,0,0,4,1,0,16.8,1,1.5,0.5,0,0,0,0,05043H
94,1,0,0,0,0,4,1,0,16.8,1,1.5,0.5,0,0,0,0,05002H
95,1,0,0,0,0,8,1,0,16.8,1,1.5,0.5,0,0,0,0,09054H
96,1,0,0,0,0,3,1,0,16.8,1,1.5,0.5,0,0,0,0,00460H3.T3
97,1,0,0,0,0,6,1,0,16.8,1,1.5,0.5,0,0,0,0,01060H
98,1,0,0,0,0,5,1,0,16.8,1,1.5,0.5,0,0,0,0,K4000
99,1,0.0285729,0.0112924,0,0,7,1,0,0.42,1,1.5,0.5,0,0,0,0,01067N
100,1,0,0,0,0,6,1,0,16.8,1,1.5,0.5,0,0,0,0,01068H.131
101,1,0,0,0,0,6,1,0,16.8,1,1.5,0.5,0,0,0,0,01068H.101
102,1,0,0,0,0,4,1,0,16.8,1,1.5,0.5,0,0,0,0,K228
103,1,0,0,0,0,1,1,0,16.8,1,1.5,0.5,0,0,0,0,09097H
104,1,0,0,0,0,2,1,0,16.8,1,1.5,0.5,0,0,0,0,04008-1H
105,1,0.205358,0.0811628,0,0,7,1,0,0.42,1,1.5,0.5,0,0,0,0,01064N
106,1,0,0,0,0,7,1,0,0.42,1,1.5,0.5,0,0,0,0,01063NK
107,1,0,0,0,0,2,1,0,16.8,1,1.5,0.5,0,0,0,0,04013H
108,1,0,0,0,0,1,1,0,16.8,1,1.5,0.5,0,0,0,0,K1508
109,1,0,0,0,0,1,1,0,16.8,1,1.5,0.5,0,0,0,0,0930H1
110,1,0,0,0,0,3,1,0,8,1,1.5,0.5,0,0,0,0,00007H-8.3
111,1,0,0,0,0,3,1,0,8,1,1.5,0.5,0,0,0,0,00007H-8.2
112,1,0,0,0,0,3,1,0,8,1,1.5,0.5,0,0,0,0,00007H-8.1
113,1,0.039239,0.015508,0,0,7,1,0,0.42,1,1.5,0.5,0,0,0,0,00007N
114,1,0,0,0,0,3,1,0,8,1,1.5,0.5,0,0,0,0,00007H-KT2
115,1,0,0,0,0,3,1,0,8,1,1.5,0.5,0,0,0,0,00007H-8
116,1,0,0,0,0,1,1,0,16.8,1,1.5,0.5,0,0,0,0,00007H-1
117,1,0,0,0,0,1,1,0,16.8,1,1.5,0.5,0,0,0,0,00007H
118,1,0,0,0,0,1,1,0,16.8,1,1.5,0.5,0,0,0,0,00430H-10
119,1,0,0,0,0,1,1,0,16.8,1,1.5,0.5,0,0,0,0,00300H-1
120,1,0,0,0,0,1,1,0,16.8,1,1.5,0.5,0,0,0,0,K1551
121,1,0,0,0,0,1,1,0,16.8,1,1.5,0.5,0,0,0,0,K1550
122,1,0,0,0,0,2,1,0,16.8,1,1.5,0.5,0,0,0,0,00300H-5
123,1,0,0,0,0,1,1,0,16.8,1,1.5,0.5,0,0,0,0,00300H-8
124,1,0,0,0,0,1,1,0,16.8,1,1.5,0.5,0,0,0,0,K2355
125,1,0,0,0,0,1,1,0,16.8,1,1.5,0.5,0,0,0,0,K2354
126,1,0,0,0,0,4,1,0,16.8,1,1.5,0.5,0,0,0,0,07012H
127,1,0,0,0,0,6,1,0,16.8,1,1.5,0.5,0,0,0,0,01008.30H
128,1,0,0,0,0,6,1,0,16.8,1,1.5,0.5,0,0,0,0,01008H-1
129,1,0.043298,0.017113,0,0,7,1,0,0.42,1,1.5,0.5,0,0,0,0,01024N
130,1,0,0,0,0,6,1,0,16.8,1,1.5,0.5,0,0,0,0,K3791
131,1,0,0,0,0,6,1,0,16.8,1,1.5,0.5,0,0,0,0,K3604
132,1,0,0,0,0,6,1,0,16.8,1,1.5,0.5,0,0,0,0,K3539
133,1,0,0,0,0,6,1,0,16.8,1,1.5,0.5,0,0,0,0,01020H-8
134,1,0,0,0,0,6,1,0,16.8,1,1.5,0.5,0,0,0,0,K3601
135,1,0,0,0,0,6,1,0,16.8,1,1.5,0.5,0,0,0,0,K3533
136,1,0,0,0,0,6,1,0,16.8,1,1.5,0.5,0,0,0,0,K3536
137,1,0,0,0,0,6,1,0,16.8,1,1.5,0.5,0,0,0,0,K3596
138,1,0,0,0,0,6,1,0,16.8,1,1.5,0.5,0,0,0,0,K3594
139,1,0,0,0,0,6,1,0,16.8,1,1.5,0.5,0,0,0,0,K3592
140,1,0,0,0,0,8,1,0,16.8,1,1.5,0.5,0,0,0,0,09076H
141,1,0,0,0,0,8,1,0,16.8,1,1.5,0.5,0,0,0,0,K2347
142,1,0,0,0,0,8,1,0,16.8,1,1.5,0.5,0,0,0,0,K2679
143,1,0.358566,0.141714,0,0,7,1,0,0.42,1,1.5,0.5,0,0,0,0,09032N-2
144,1,0.351124,0.138773,0,0,7,1,0,0.42,1,1.5,0.5,0,0,0,0,09032N-1
145,1,0.16351,0.0646233,0,0,7,1,0,0.42,1,1.5,0.5,0,0,0,0,09081N-2
146,1,0.162369,0.064172,0,0,7,1,0,0.42,1,1.5,0.5,0,0,0,0,09081N-1
147,1,0,0,0,0,1,1,0,16.8,1,1.5,0.5,0,0,0,0,09081H
148,1,0.214463,0.084761,0,0,7,1,0,0.42,1,1.5,0.5,0,0,0,0,09080N-2
149,1,0.200932,0.079413,0,0,7,1,0,0.42,1,1.5,0.5,0,0,0,0,09080N-1
150,1,0,0,0,0,1,1,0,16.8,1,1.5,0.5,0,0,0,0,09080H
151,1,0.409983,0.162036,0,0,7,1,0,0.42,1,1.5,0.5,0,0,0,0,09066N-2
152,1,0.409306,0.161768,0,0,7,1,0,0.42,1,1.5,0.5,0,0,0,0,09066N-1
153,1,0,0,0,0,8,1,0,16.8,1,1.5,0.5,0,0,0,0,09066H
154,1,0.005412,0.002139,0,0,7,1,0,0.42,1,1.5,0.5,0,0,0,0,00460N-23
155,1,0,0,0,0,7,1,0,0.42,1,1.5,0.5,0,0,0,0,00460N-22
156,1,0.005412,0.002139,0,0,7,1,0,0.42,1,1.5,0.5,0,0,0,0,00460N
157,1,0,0,0,0,7,1,0,0.42,1,1.5,0.5,0,0,0,0,00460N-100
158,1,0,0,0,0,2,1,0,16.8,1,1.5,0.5,0,0,0,0,K1041
159,1,0,0,0,0,2,1,0,16.8,1,1.5,0.5,0,0,0,0,K1038
160,1,0,0,0,0,2,1,0,16.8,1,1.5,0.5,0,0,0,0,K1036
161,1,0,0,0,0,2,1,0,16.8,1,1.5,0.5,0,0,0,0,K1028
162,1,0,0,0,0,2,1,0,16.8,1,1.5,0.5,0,0,0,0,K1008
163,1,0,0,0,0,2,1,0,16.8,1,1.5,0.5,0,0,0,0,K1007
164,1,0,0,0,0,2,1,0,16.8,1,1.5,0.5,0,0,0,0,K1004
165,1,0,0,0,0,2,1,0,16.8,1,1.5,0.5,0,0,0,0,K1002
166,1,0,0,0,0,4,1,0,16.8,1,1.5,0.5,0,0,0,0,K503
167,1,0.016913,0.006685,0,0,7,1,0,0.42,1,1.5,0.5,0,0,0,0,03002N
168,1,0,0,0,0,1,1,0,16.8,1,1.5,0.5,0,0,0,0,03003H
169,1,0.002706,0.00107,0,0,7,1,0,0.42,1,1.5,0.5,0,0,0,0,03003N.1
170,1,0,0,0,0,4,1,0,16.8,1,1.5,0.5,0,0,0,0,03017H
171,1,0.046005,0.018182,0,0,7,1,0,0.42,1,1.5,0.5,0,0,0,0,03017N
172,1,0.129219,0.051071,0,0,7,1,0,0.42,1,1.5,0.5,0,0,0,0,05043N-1
173,1,0.115012,0.045456,0,0,7,1,0,0.42,1,1.5,0.5,0,0,0,0,07024N-2
174,1,0,0,0,0,7,1,0,0.42,1,1.5,0.5,0,0,0,0,07035N-2
175,1,0.336916,0.133158,0,0,7,1,0,0.42,1,1.5,0.5,0,0,0,0,07035N-1
176,1,0.181989,0.071927,0,0,7,1,0,0.42,1,1.5,0.5,0,0,0,0,05003N-1
177,1,0,0,0,0,4,1,0,16.8,1,1.5,0.5,0,0,0,0,05008H
178,1,0.092686,0.036632,0,0,7,1,0,0.42,1,1.5,0.5,0,0,0,0,05042N
179,1,0.023002,0.009091,0,0,7,1,0,0.42,1,1.5,0.5,0,0,0,0,03004N
180,1,0,0,0,0,4,1,0,16.8,1,1.5,0.5,0,0,0,0,07035H
181,1,0,0,0,0,4,1,0,16.8,1,1.5,0.5,0,0,0,0,03004H
182,1,0,0,0,0,4,1,0,16.8,1,1.5,0.5,0,0,0,0,05001H
183,1,0.194843,0.077007,0,0,7,1,0,0.42,1,1.5,0.5,0,0,0,0,05001N
184,1,0.004059,0.001604,0,0,7,1,0,0.42,1,1.5,0.5,0,0,0,0,05031N
185,1,0,0,0,0,4,1,0,16.8,1,1.5,0.5,0,0,0,0,05031H
186,1,0,0,0,0,4,1,0,16.8,1,1.5,0.5,0,0,0,0,K37
187,1,0,0,0,0,4,1,0,16.8,1,1.5,0.5,0,0,0,0,K36
188,1,0,0,0,0,1,1,0,16.8,1,1.5,0.5,0,0,0,0,00460H-240
189,1,0,0,0,0,8,1,0,16.8,1,1.5,0.5,0,0,0,0,Prov. 09023H-1
190,1,0.240171,0.094922,0,0,7,1,0,0.42,1,1.5,0.5,0,0,0,0,09075N-1
191,1,0.0469033,0.0185371,0,0,7,1,0,0.42,1,1.5,0.5,0,0,0,0,00125N
192,1,0.0706886,0.0279376,0,0,7,1,0,0.42,1,1.5,0.5,0,0,0,0,00153N-2
193,1,0,0,0,0,3,1,0,16.8,1,1.5,0.5,0,0,0,0,00255H-2
194,1,0,0,0,0,3,1,0,16.8,1,1.5,0.5,0,0,0,0,00460H1.T1
195,1,0,0,0,0,3,1,0,16.8,1,1.5,0.5,0,0,0,0,00460H2.T1
196,1,0,0,0,0,8,1,0,16.8,1,1.5,0.5,0,0,0,0,K2348
197,1,0.284146,0.112302,0,0,7,1,0,0.42,1,1.5,0.5,0,0,0,0,01058N
198,1,0,0,0,0,6,1,0,16.8,1,1.5,0.5,0,0,0,0,01007H-1
199,1,0,0,0,0,8,1,0,16.8,1,1.5,0.5,0,0,0,0,K2645
200,1,0,0,0,0,8,1,0,16.8,1,1.5,0.5,0,0,0,0,K2647
201,1,0,0,0,0,3,1,0,16.8,1,1.5,0.5,0,0,0,0,K7003
202,1,0,0,0,0,8,1,0,16.8,1,1.5,0.5,0,0,0,0,K1525
203,1,0,0,0.00104473,0.277047,6,1,0,16.8,1,1.5,0.5,0,0,0,0,01068H.151
204,1,0,0,0.00104473,0.277047,6,1,0,16.8,1,1.5,0.5,0,0,0,0,01068H.71
205,1,0,0,0,0,1,1,0,16.8,1,1.5,0.5,0,0,0,0,09022.2H
206,1,0,0,0,0,2,1,0,16.8,1,1.5,0.5,0,0,0,0,N..1817279
207,1,0.135308,0.053477,0,0,7,1,0,0.42,1,1.5,0.5,0,0,0,0,01065.60N
208,1,0.006765,0.002674,0,0,7,1,0,0.42,1,1.5,0.5,0,0,0,0,01065.50N
209,1,0.006765,0.002674,0,0,7,1,0,0.42,1,1.5,0.5,0,0,0,0,09104N
210,1,0,0,0,0,8,1,0,16.8,1,1.5,0.5,0,0,0,0,09062H
211,1,0,0,0,0,3,1,0,16.8,1,1.5,0.5,0,0,0,0,00098H-60
212,1,0.219875,0.0869,0,0,7,1,0,0.42,1,1.5,0.5,0,0,0,0,09003N-2
213,1,0,0,0,0,3,1,0,0.42,1,1.5,0.5,0,0,0,0,00098N-5
214,1,0,0,0,0,3,1,0,16.8,1,1.5,0.5,0,0,0,0,00098H-2
215,1,0.1,0.039523,0,0,7,1,0,0.42,1,1.5,0.5,0,0,0,0,01069N
216,1,0,0,0,0,8,1,0,16.8,1,1.5,0.5,0,0,0,0,08025H
217,1,0.238142,0.09412,0,0,7,1,0,0.42,1,1.5,0.5,0,0,0,0,01061N-1
218,1,0,0,0,0,4,1,0,16.8,1,1.5,0.5,0,0,0,0,K223
219,1,0,0,0,0,4,1,0,16.8,1,1.5,0.5,0,0,0,0,K221
220,1,0,0,0,0,4,1,0,16.8,1,1.5,0.5,0,0,0,0,05005H-2
221,1,0,0,0,0,2,1,0,16.8,1,1.5,0.5,0,0,0,0,00200H-13
222,1,0,0,0,0,2,1,0,16.8,1,1.5,0.5,0,0,0,0,00200H-17
223,1,0,0,0,0,2,1,0,16.8,1,1.5,0.5,0,0,0,0,00200H-19
224,1,0,0,0,0,2,1,0,16.8,1,1.5,0.5,0,0,0,0,00200H-11
225,1,0,0,0,0,2,1,0,16.8,1,1.5,0.5,0,0,0,0,00200H-35
226,1,0,0,0,0,2,1,0,16.8,1,1.5,0.5,0,0,0,0,00200H-1
227,1,0,0,0,0,2,1,0,16.8,1,1.5,0.5,0,0,0,0,00200H-3
228,1,0,0,0,0,5,1,0,16.8,1,1.5,0.5,0,0,0,0,01037H-4
229,1,0,0,0,0,5,1,0,16.8,1,1.5,0.5,0,0,0,0,01057H-471
230,1,0,0,0,0,7,1,0,0.42,1,1.5,0.5,0,0,0,0,00101N-2
231,1,0.096069,0.037969,0,0,7,1,0,0.42,1,1.5,0.5,0,0,0,0,00101N-1
232,1,0,0,0,0,1,1,0,16.8,1,1.5,0.5,0,0,0,0,00460H-41
233,1,0,0,0,0,1,1,0,16.8,1,1.5,0.5,0,0,0,0,K1533
234,1,0,0,0,0,1,1,0,16.8,1,1.5,0.5,0,0,0,0,K1532
235,1,0,0,0,0,6,1,0,16.8,1,1.5,0.5,0,0,0,0,01003H
236,1,0.401864,0.158826,0,0,7,1,0,0.42,1,1.5,0.5,0,0,0,0,01003N-1
237,1,0.152221,0.060162,0,0,7,1,0,0.42,1,1.5,0.5,0,0,0,0,01029N-2
238,1,0.156957,0.062033,0,0,7,1,0,0.42,1,1.5,0.5,0,0,0,0,01029N-1
239,1,0,0,0,0,6,1,0,16.8,1,1.5,0.5,0,0,0,0,01029H
240,1,0.138691,0.054814,0,0,7,1,0,0.42,1,1.5,0.5,0,0,0,0,02004N
241,1,0,0,0,0,6,1,0,16.8,1,1.5,0.5,0,0,0,0,02004H
242,1,0.204315,0.08075,0,0,7,1,0,0.42,1,1.5,0.5,0,0,0,0,01027N-2
243,1,0.204315,0.08075,0,0,7,1,0,0.42,1,1.5,0.5,0,0,0,0,01027N-1
244,1,0,0,0,0,6,1,0,16.8,1,1.5,0.5,0,0,0,0,01027H
245,1,0.210404,0.083157,0,0,7,1,0,0.42,1,1.5,0.5,0,0,0,0,01008N
246,1,0.217846,0.086098,0,0,7,1,0,0.42,1,1.5,0.5,0,0,0,0,09011N-2
247,1,0,0,0,0,7,1,0,0.42,1,1.5,0.5,0,0,0,0,09011N-1
248,1,0,0,0,0,8,1,0,16.8,1,1.5,0.5,0,0,0,0,09011H-3
249,1,0.073743,0.029145,0,0,7,1,0,0.42,1,1.5,0.5,0,0,0,0,09051N
250,1,0.111629,0.044119,0,0,7,1,0,0.42,1,1.5,0.5,0,0,0,0,09017N-1
251,1,0,0,0,0,8,1,0,16.8,1,1.5,0.5,0,0,0,0,09017H
252,1,0,0,0,0,7,1,0,0.42,1,1.5,0.5,0,0,0,0,09076N-1
253,1,0.03721,0.014706,0,0,7,1,0,0.42,1,1.5,0.5,0,0,0,0,09076N-2
254,1,0.244907,0.096793,0,0,7,1,0,0.42,1,1.5,0.5,0,0,0,0,09019N-2
255,1,0.244231,0.096526,0,0,7,1,0,0.42,1,1.5,0.5,0,0,0,0,09019N-1
256,1,0,0,0,0,8,1,0,16.8,1,1.5,0.5,0,0,0,0,09019H
257,1,0.442457,0.17487,0,0,7,1,0,0.42,1,1.5,0.5,0,0,0,0,09091N-1
258,1,0.242201,0.095724,0,0,7,1,0,0.42,1,1.5,0.5,0,0,0,0,09048N-2
259,1,0.242201,0.095724,0,0,7,1,0,0.42,1,1.5,0.5,0,0,0,0,09048N-1
260,1,0,0,0,0,1,1,0,16.8,1,1.5,0.5,0,0,0,0,09048H
261,1,0.43975,0.1738,0,0,7,1,0,0.42,1,1.5,0.5,0,0,0,0,09024N-1
262,1,0,0,0,0,2,1,0,16.8,1,1.5,0.5,0,0,0,0,09024H
263,1,0,0,0,0,2,1,0,16.8,1,1.5,0.5,0,0,0,0,00120H-1
264,1,0,0,0,0,3,1,0,16.8,1,1.5,0.5,0,0,0,0,00132H-6
265,1,0,0,0,0,2,1,0,16.8,1,1.5,0.5,0,0,0,0,00132H-7
266,1,0.199,0.07865,0,0,3,1,0,16.8,1,1.5,0.5,0,0,0,0,00132H-2
267,1,0.018,0.007114,0,0,2,1,0,16.8,1,1.5,0.5,0,0,0,0,00131H-1
268,1,0,0,0,0,2,1,0,16.8,1,1.5,0.5,0,0,0,0,00131H-2
269,1,0,0,0,0,2,1,0,16.8,1,1.5,0.5,0,0,0,0,K1050
270,1,0,0,0,0,2,1,0,16.8,1,1.5,0.5,0,0,0,0,K1048
271,1,0,0,0,0,2,1,0,16.8,1,1.5,0.5,0,0,0,0,K1045
272,1,0,0,0,0,2,1,0,16.8,1,1.5,0.5,0,0,0,0,K1044
273,1,0,0,0,0,2,1,0,16.8,1,1.5,0.5,0,0,0,0,K1042
274,1,0,0,0,0,1,1,0,16.8,1,1.5,0.5,0,0,0,0,K528
275,1,0,0,0,0,1,1,0,16.8,1,1.5,0.5,0,0,0,0,K527
276,1,0,0,0,0,1,1,0,16.8,1,1.5,0.5,0,0,0,0,K525
277,1,0,0,0,0,1,1,0,16.8,1,1.5,0.5,0,0,0,0,K523
278,1,0,0,0,0,1,1,0,16.8,1,1.5,0.5,0,0,0,0,00098H
279,1,0,0,0,0,4,1,0,16.8,1,1.5,0.5,0,0,0,0,03096H
280,1,0,0,0,0,4,1,0,16.8,1,1.5,0.5,0,0,0,0,K508
281,1,0,0,0,0,4,1,0,16.8,1,1.5,0.5,0,0,0,0,K65
282,1,0,0,0,0,4,1,0,16.8,1,1.5,0.5,0,0,0,0,05045H
283,1,0,0,0,0,4,1,0,16.8,1,1.5,0.5,0,0,0,0,K58
284,1,0,0,0,0,4,1,0,16.8,1,1.5,0.5,0,0,0,0,K57
285,1,0,0,0,0,4,1,0,16.8,1,1.5,0.5,0,0,0,0,K54
286,1,0,0,0,0,4,1,0,16.8,1,1.5,0.5,0,0,0,0,05003H
287,1,0,0,0,0,4,1,0,16.8,1,1.5,0.5,0,0,0,0,05009H
288,1,0.284823,0.112569,0,0,7,1,0,0.42,1,1.5,0.5,0,0,0,0,05009N
289,1,0.188078,0.074333,0,0,7,1,0,0.42,1,1.5,0.5,0,0,0,0,05008N
290,1,0.178606,0.07059,0,0,7,1,0,0.42,1,1.5,0.5,0,0,0,0,05003N-2
291,1,0.0468238,0.0185059,0,0,7,1,0,0.42,1,1.5,0.5,0,0,0,0,00141N
292,1,0,0,0,0,2,1,0,16.8,1,1.5,0.5,0,0,0,0,00141H
293,1,0,0,0,0,8,1,0,16.8,1,1.5,0.5,0,0,0,0,00460H-330
294,1,0,0,0,0,1,1,0,16.8,1,1.5,0.5,0,0,0,0,00460H-2610
295,1,0,0,0,0,3,1,0,16.8,1,1.5,0.5,0,0,0,0,00010H1.T1
296,1,0.125591,0.0496366,0,0,7,1,0,0.42,1,1.5,0.5,0,0,0,0,09067N-1
297,1,0,0,0,0,8,1,0,16.8,1,1.5,0.5,0,0,0,0,K2568
298,1,0,0,0,0,6,1,0,16.8,1,1.5,0.5,0,0,0,0,K233
299,1,0,0,0,0,1,1,0,16.8,1,1.5,0.5,0,0,0,0,K2008
300,1,0,0,0,0,1,1,0,16.8,1,1.5,0.5,0,0,0,0,00400H-6
301,1,0,0,0,0,6,1,0,16.8,1,1.5,0.5,0,0,0,0,K3544
302,1,0,0,0,0,3,1,0,16.8,1,1.5,0.5,0,0,0,0,K7001
303,1,0,0,0,0,3,1,0,16.8,1,1.5,0.5,0,0,0,0,K7002
304,1,0,0,0,0,4,1,0,16.8,1,1.5,0.5,0,0,0,0,K22
305,1,0,0,0,0,6,1,0,16.8,1,1.5,0.5,0,0,0,0,01068H.61
306,1,0,0,0,0,6,1,0,16.8,1,1.5,0.5,0,0,0,0,01068H.41
307,1,0,0,0,0,8,1,0,16.8,1,1.5,0.5,0,0,0,0,09039H-1
308,1,0,0,0,0,4,1,0,16.8,1,1.5,0.5,0,0,0,0,03096H-3
309,1,0,0,0,0,7,1,0,0.42,1,1.5,0.5,0,0,0,0,00102N-1
310,1,0,0,0,0,2,1,0,16.8,1,1.5,0.5,0,0,0,0,00200H-25
311,1,0,0,0,0,6,1,0,16.8,1,1.5,0.5,0,0,0,0,01021H
312,1,0.0145343,0.00574452,0,0,7,1,0,0.42,1,1.5,0.5,0,0,0,0,05039N
313,1,0,0,0,0,7,1,0,0.42,1,1.5,0.5,0,0,0,0,01072N
314,1,0,0,0,0,7,1,0,0.42,1,1.5,0.5,0,0,0,0,05047N
315,1,0,0,0,0,3,1,0,16.8,1,1.5,0.5,0,0,0,0,09093H-5
316,1,0,0,0,0,2,1,0,16.8,1,1.5,0.5,0,0,0,0,00220H-26
317,1,0,0,0,0,2,1,0,16.8,1,1.5,0.5,0,0,0,0,00220H-24
318,1,0,0,0,0,1,1,0,16.8,1,1.5,0.5,0,0,0,0,00100H-1
319,1,0,0,0,0,2,1,0,16.8,1,1.5,0.5,0,0,0,0,00100H-7
320,1,0,0,0,0,2,1,0,16.8,1,1.5,0.5,0,0,0,0,00100H-9
321,1,0,0,0,0,2,1,0,16.8,1,1.5,0.5,0,0,0,0,00100H-11
322,1,0,0,0,0,2,1,0,16.8,1,1.5,0.5,0,0,0,0,00100H-16
323,1,0,0,0,0,2,1,0,16.8,1,1.5,0.5,0,0,0,0,00100H-13
324,1,0,0,0,0,1,1,0,16.8,1,1.5,0.5,0,0,0,0,00100H-15
325,1,0,0,0,0,2,1,0,16.8,1,1.5,0.5,0,0,0,0,00100H-10
326,1,0,0,0,0,2,1,0,16.8,1,1.5,0.5,0,0,0,0,00100H-8
327,1,0,0,0,0,2,1,0,16.8,1,1.5,0.5,0,0,0,0,00100H-14
328,1,0,0,0,0,6,1,0,16.8,1,1.5,0.5,0,0,0,0,01057H-2B
329,1,0,0,0,0,6,1,0,16.8,1,1.5,0.5,0,0,0,0,01057H-1B
330,1,0.186048,0.073531,0,0,7,1,0,0.42,1,1.5,0.5,0,0,0,0,02002N
331,1,0,0,0,0,6,1,0,16.8,1,1.5,0.5,0,0,0,0,02002H
332,1,0.086597,0.034225,0,0,7,1,0,0.42,1,1.5,0.5,0,0,0,0,02005N
333,1,0,0,0,0,6,1,0,16.8,1,1.5,0.5,0,0,0,0,02005H
334,1,0.179959,0.071125,0,0,7,1,0,0.42,1,1.5,0.5,0,0,0,0,02003N-2
335,1,0.184019,0.072729,0,0,7,1,0,0.42,1,1.5,0.5,0,0,0,0,02003N-1
336,1,0,0,0,0,6,1,0,16.8,1,1.5,0.5,0,0,0,0,02003H
337,1,0.190784,0.075403,0,0,7,1,0,0.42,1,1.5,0.5,0,0,0,0,01006N-1
338,1,0,0,0,0,6,1,0,16.8,1,1.5,0.5,0,0,0,0,01006H
339,1,0.397128,0.156955,0,0,7,1,0,0.42,1,1.5,0.5,0,0,0,0,01018N-2
340,1,0.397128,0.156955,0,0,7,1,0,0.42,1,1.5,0.5,0,0,0,0,01018N-1
341,1,0,0,0,0,6,1,0,16.8,1,1.5,0.5,0,0,0,0,01018H
342,1,0.082538,0.032621,0,0,7,1,0,0.42,1,1.5,0.5,0,0,0,0,09033N-1
343,1,0,0,0,0,8,1,0,16.8,1,1.5,0.5,0,0,0,0,09033H-3
344,1,0.163722,0.064707,0,0,7,1,0,0.42,1,1.5,0.5,0,0,0,0,09040N-3
345,1,0.000677,0.000267,0,0,7,1,0,0.42,1,1.5,0.5,0,0,0,0,09040N-1
346,1,0,0,0,0,8,1,0,16.8,1,1.5,0.5,0,0,0,0,09040H
347,1,0.114335,0.045188,0,0,7,1,0,0.42,1,1.5,0.5,0,0,0,0,09016N-3
348,1,0.104187,0.041177,0,0,7,1,0,0.42,1,1.5,0.5,0,0,0,0,09016N-1
349,1,0,0,0,0,8,1,0,16.8,1,1.5,0.5,0,0,0,0,09016H
350,1,0.022326,0.008824,0,0,7,1,0,0.42,1,1.5,0.5,0,0,0,0,09064N
351,1,0,0,0,0,8,1,0,16.8,1,1.5,0.5,0,0,0,0,09064H
352,1,0.013531,0.005348,0,0,7,1,0,0.42,1,1.5,0.5,0,0,0,0,09061N
353,1,0,0,0,0,8,1,0,16.8,1,1.5,0.5,0,0,0,0,09061H
354,1,0.004736,0.001872,0,0,7,1,0,0.42,1,1.5,0.5,0,0,0,0,09065N
355,1,0,0,0,0,8,1,0,16.8,1,1.5,0.5,0,0,0,0,09065H
356,1,0.020296,0.008022,0,0,7,1,0,0.42,1,1.5,0.5,0,0,0,0,09007N
357,1,0,0,0,0,8,1,0,16.8,1,1.5,0.5,0,0,0,0,09007H
358,1,0.222581,0.08797,0,0,7,1,0,0.42,1,1.5,0.5,0,0,0,0,09090N
359,1,0,0,0,0,8,1,0,16.8,1,1.5,0.5,0,0,0,0,09090H
360,1,0.217846,0.086098,0,0,7,1,0,0.42,1,1.5,0.5,0,0,0,0,09058N-2
361,1,0.192137,0.075937,0,0,7,1,0,0.42,1,1.5,0.5,0,0,0,0,09058N-1
362,1,0,0,0,0,8,1,0,16.8,1,1.5,0.5,0,0,0,0,09058H
363,1,0.092009,0.036364,0,0,7,1,0,0.42,1,1.5,0.5,0,0,0,0,09013N-1
364,1,0,0,0,0,1,1,0,16.8,1,1.5,0.5,0,0,0,0,09013H
365,1,0,0,0,0,8,1,0,16.8,1,1.5,0.5,0,0,0,0,09008H
366,1,0,0,0,0,2,1,0,16.8,1,1.5,0.5,0,0,0,0,K1082
367,1,0,0,0,0,2,1,0,16.8,1,1.5,0.5,0,0,0,0,K1069
368,1,0,0,0,0,2,1,0,16.8,1,1.5,0.5,0,0,0,0,K1063
369,1,0,0,0,0,2,1,0,16.8,1,1.5,0.5,0,0,0,0,00111H-4
370,1,0,0,0,0,2,1,0,16.8,1,1.5,0.5,0,0,0,0,00110H-1
371,1,0,0,0,0,4,1,0,16.8,1,1.5,0.5,0,0,0,0,03008H
372,1,0,0,0,0,1,1,0,16.8,1,1.5,0.5,0,0,0,0,K541
373,1,0,0,0,0,1,1,0,16.8,1,1.5,0.5,0,0,0,0,K540
374,1,0,0,0,0,1,1,0,16.8,1,1.5,0.5,0,0,0,0,00024H
375,1,0,0,0,0,1,1,0,16.8,1,1.5,0.5,0,0,0,0,K538
376,1,0,0,0,0,1,1,0,16.8,1,1.5,0.5,0,0,0,0,00011H
377,1,0,0,0,0,1,1,0,16.8,1,1.5,0.5,0,0,0,0,K530
378,1,0.036533,0.014439,0,0,7,1,0,0.42,1,1.5,0.5,0,0,0,0,05038N
379,1,0,0,0,0,4,1,0,16.8,1,1.5,0.5,0,0,0,0,05040H
380,1,0.003383,0.001337,0,0,7,1,0,0.42,1,1.5,0.5,0,0,0,0,05040N
381,1,0,0,0,0,4,1,0,16.8,1,1.5,0.5,0,0,0,0,05041H
382,1,0.10351,0.04091,0,0,7,1,0,0.42,1,1.5,0.5,0,0,0,0,05041N
383,1,0,0,0,0,4,1,0,16.8,1,1.5,0.5,0,0,0,0,05042H
384,1,0,0,0,0,4,1,0,16.8,1,1.5,0.5,0,0,0,0,K67
385,1,0,0,0,0,8,1,0,16.8,1,1.5,0.5,0,0,0,0,00460H-181
386,1,0,0,0,0,2,1,0,16.8,1,1.5,0.5,0,0,0,0,00010.312
387,1,0.17523,0.0746473,0,0,7,1,0,0.42,1,1.5,0.5,0,0,0,0,00245N
388,1,0.14275,0.056418,0,0,7,1,0,0.42,1,1.5,0.5,0,0,0,0,07005N-1
389,1,0,0,0,0,3,1,0,16.8,1,1.5,0.5,0,0,0,0,00010H2.T1
390,1,0,0,0,0,2,1,0,16.8,1,1.5,0.5,0,0,0,0,00156H1
391,1,0,0,0,0,3,1,0,16.8,1,1.5,0.5,0,0,0,0,00195H
392,1,0.127466,0.0503782,0,0,7,1,0,0.42,1,1.5,0.5,0,0,0,0,09067N-2
393,1,0,0,0,0,1,1,0,16.8,1,1.5,0.5,0,0,0,0,K2009
394,1,0,0,0,0,2,1,0,16.8,1,1.5,0.5,0,0,0,0,K1590
395,1,0,0,0,0,2,1,0,16.8,1,1.5,0.5,0,0,0,0,K1558
396,1,0.741487,0.293054,0,0,7,1,0,0.42,1,1.5,0.5,0,0,0,0,00380N-1
397,1,0.08592,0.033958,0,0,7,1,0,0.42,1,1.5,0.5,0,0,0,0,00320N-1
398,1,0,0,0,0,5,1,0,16.8,1,1.5,0.5,0,0,0,0,01068H.161
399,1,0.157547,0.0622662,0,0,7,1,0,0.42,1,1.5,0.5,0,0,0,0,09099N-2
400,1,0.124746,0.0493026,0,0,7,1,0,0.42,1,1.5,0.5,0,0,0,0,09100N-2
401,1,0.124746,0.0493026,0,0,7,1,0,0.42,1,1.5,0.5,0,0,0,0,09100N-1
402,1,0.118347,0.0467733,0,0,7,1,0,0.42,1,1.5,0.5,0,0,0,0,00025N-2
403,1,0.118346,0.046773,0,0,7,1,0,0.42,1,1.5,0.5,0,0,0,0,00025N-1
404,1,0,0,0,0,6,1,0,16.8,1,1.5,0.5,0,0,0,0,01002H
405,1,0,0,0,0,6,1,0,16.8,1,1.5,0.5,0,0,0,0,01002H-1
406,1,0,0,0,0,7,1,0,0.42,1,1.5,0.5,0,0,0,0,09103N-2
407,1,0,0,0,0,7,1,0,0.42,1,1.5,0.5,0,0,0,0,09103N-1
408,1,0,0,0,0,3,1,0,0.42,1,1.5,0.5,0,0,0,0,00098N-2
409,1,0,0,0,0,8,1,0,16.8,1,1.5,0.5,0,0,0,0,09003H1
410,1,0,0,0,0,6,1,0,16.8,1,1.5,0.5,0,0,0,0,01057H-50
411,1,0,0,0,0,6,1,0,16.8,1,1.5,0.5,0,0,0,0,01057H-70
412,1,0,0,0,0,6,1,0,16.8,1,1.5,0.5,0,0,0,0,01057H-130
413,1,0,0,0,0,6,1,0,16.8,1,1.5,0.5,0,0,0,0,01057H-150
414,1,0,0,0,0,6,1,0,16.8,1,1.5,0.5,0,0,0,0,01057H-170
415,1,0,0,0,0,2,1,0,16.8,1,1.5,0.5,0,0,0,0,00220H-8
416,1,0,0,0,0,2,1,0,16.8,1,1.5,0.5,0,0,0,0,00220H-2
417,1,0,0,0,0,2,1,0,16.8,1,1.5,0.5,0,0,0,0,00220H-4
418,1,0,0,0,0,1,1,0,16.8,1,1.5,0.5,0,0,0,0,00220H-22
419,1,0,0,0,0,1,1,0,16.8,1,1.5,0.5,0,0,0,0,00220H-18
420,1,0,0,0,0,2,1,0,16.8,1,1.5,0.5,0,0,0,0,00220H-20
421,1,0,0,0,0,1,1,0,16.8,1,1.5,0.5,0,0,0,0,00220H-16
422,1,0.062918,0.024867,0,0,7,1,0,0.42,1,1.5,0.5,0,0,0,0,01036N-1
423,1,0,0,0,0,6,1,0,16.8,1,1.5,0.5,0,0,0,0,01036H
424,1,0.111629,0.044119,0,0,7,1,0,0.42,1,1.5,0.5,0,0,0,0,01009N-2
425,1,0.114335,0.045188,0,0,7,1,0,0.42,1,1.5,0.5,0,0,0,0,01009N-1
426,1,0,0,0,0,6,1,0,16.8,1,1.5,0.5,0,0,0,0,01009H
427,1,0.172517,0.068183,0,0,7,1,0,0.42,1,1.5,0.5,0,0,0,0,01052N
428,1,0,0,0,0,6,1,0,16.8,1,1.5,0.5,0,0,0,0,01052H
429,1,0.190107,0.075135,0,0,7,1,0,0.42,1,1.5,0.5,0,0,0,0,01051N-3
430,1,0,0,0,0,7,1,0,0.42,1,1.5,0.5,0,0,0,0,01051N-1
431,1,0.190107,0.075135,0,0,7,1,0,0.42,1,1.5,0.5,0,0,0,0,01051N-2
432,1,0,0,0,0,6,1,0,16.8,1,1.5,0.5,0,0,0,0,01051H
433,1,0,0,0,0,6,1,0,16.8,1,1.5,0.5,0,0,0,0,01057H-2A
434,1,0,0,0,0,6,1,0,16.8,1,1.5,0.5,0,0,0,0,01057H-1A
435,1,0.273998,0.108291,0,0,7,1,0,0.42,1,1.5,0.5,0,0,0,0,01057H-2
436,1,0,0,0,0,6,1,0,16.8,1,1.5,0.5,0,0,0,0,01057H-220
437,1,0,0,0,0,1,1,0,16.8,1,1.5,0.5,0,0,0,0,09012H-6
438,1,0.013531,0.005348,0,0,7,1,0,0.42,1,1.5,0.5,0,0,0,0,09071N
439,1,0,0,0,0,8,1,0,16.8,1,1.5,0.5,0,0,0,0,09071H
440,1,0.005412,0.002139,0,0,7,1,0,0.42,1,1.5,0.5,0,0,0,0,09034N
441,1,0,0,0,0,8,1,0,16.8,1,1.5,0.5,0,0,0,0,09043H
442,1,0.151545,0.059894,0,0,7,1,0,0.42,1,1.5,0.5,0,0,0,0,09041N-2
443,1,0.10757,0.042514,0,0,7,1,0,0.42,1,1.5,0.5,0,0,0,0,09041N-1
444,1,0,0,0,0,8,1,0,16.8,1,1.5,0.5,0,0,0,0,09041H
445,1,0.081185,0.032086,0,0,7,1,0,0.42,1,1.5,0.5,0,0,0,0,09033N-2
446,1,0,0,0,0,8,1,0,16.8,1,1.5,0.5,0,0,0,0,00460H-1A
447,1,0.154251,0.060964,0,0,7,1,0,0.42,1,1.5,0.5,0,0,0,0,09070N-2
448,1,0.148162,0.058557,0,0,7,1,0,0.42,1,1.5,0.5,0,0,0,0,09070N-1
449,1,0,0,0,0,1,1,0,16.8,1,1.5,0.5,0,0,0,0,09070H
450,1,0.013531,0.005348,0,0,7,1,0,0.42,1,1.5,0.5,0,0,0,0,09072N
451,1,0,0,0,0,4,1,0,16.8,1,1.5,0.5,0,0,0,0,09072H
452,1,0.085244,0.033691,0,0,7,1,0,0.42,1,1.5,0.5,0,0,0,0,09059N-2
453,1,0.151545,0.059894,0,0,7,1,0,0.42,1,1.5,0.5,0,0,0,0,09059N-1
454,1,0,0,0,0,8,1,0,16.8,1,1.5,0.5,0,0,0,0,09059H-1
455,1,0.012854,0.00508,0,0,7,1,0,0.42,1,1.5,0.5,0,0,0,0,09039N
456,1,0,0,0,0,8,1,0,16.8,1,1.5,0.5,0,0,0,0,09039H
457,1,0.096069,0.037969,0,0,7,1,0,0.42,1,1.5,0.5,0,0,0,0,09089N
458,1,0,0,0,0,8,1,0,16.8,1,1.5,0.5,0,0,0,0,09089H
459,1,0.018267,0.007219,0,0,7,1,0,0.42,1,1.5,0.5,0,0,0,0,09073N
460,1,0,0,0,0,8,1,0,16.8,1,1.5,0.5,0,0,0,0,09073H
461,1,0,0,0,0,2,1,0,16.8,1,1.5,0.5,0,0,0,0,00143H-3
462,1,0.182,0.071931,0,0,2,1,0,16.8,1,1.5,0.5,0,0,0,0,00143H-1
463,1,0,0,0,0,4,1,0,16.8,1,1.5,0.5,0,0,0,0,K582
464,1,0,0,0,0,4,1,0,16.8,1,1.5,0.5,0,0,0,0,03009H
465,1,0,0,0,0,4,1,0,16.8,1,1.5,0.5,0,0,0,0,K580
466,1,0,0,0,0,4,1,0,16.8,1,1.5,0.5,0,0,0,0,03014H
467,1,0,0,0,0,4,1,0,16.8,1,1.5,0.5,0,0,0,0,K578
468,1,0,0,0,0,4,1,0,16.8,1,1.5,0.5,0,0,0,0,K577
469,1,0,0,0,0,4,1,0,16.8,1,1.5,0.5,0,0,0,0,K576
470,1,0,0,0,0,4,1,0,16.8,1,1.5,0.5,0,0,0,0,K575
471,1,0,0,0,0,4,1,0,16.8,1,1.5,0.5,0,0,0,0,03007H
472,1,0,0,0,0,4,1,0,16.8,1,1.5,0.5,0,0,0,0,K568
473,1,0,0,0,0,4,1,0,16.8,1,1.5,0.5,0,0,0,0,05029H
474,1,0.025708,0.010161,0,0,7,1,0,0.42,1,1.5,0.5,0,0,0,0,05029N
475,1,0,0,0,0,4,1,0,16.8,1,1.5,0.5,0,0,0,0,05030H
476,1,0.008795,0.003476,0,0,7,1,0,0.42,1,1.5,0.5,0,0,0,0,05030N
477,1,0.008118,0.003209,0,0,7,1,0,0.42,1,1.5,0.5,0,0,0,0,05025N
478,1,0,0,0,0,4,1,0,16.8,1,1.5,0.5,0,0,0,0,05025H
479,1,0,0,0,0,4,1,0,16.8,1,1.5,0.5,0,0,0,0,K83
480,1,0,0,0,0,4,1,0,16.8,1,1.5,0.5,0,0,0,0,K80
481,1,0,0,0,0,4,1,0,16.8,1,1.5,0.5,0,0,0,0,K78
482,1,0,0,0,0,4,1,0,16.8,1,1.5,0.5,0,0,0,0,05036H
483,1,0.027062,0.010695,0,0,7,1,0,0.42,1,1.5,0.5,0,0,0,0,05036N
484,1,0,0,0,0,4,1,0,16.8,1,1.5,0.5,0,0,0,0,05037H
485,1,0.018267,0.007219,0,0,7,1,0,0.42,1,1.5,0.5,0,0,0,0,05037N
486,1,0,0,0,0,8,1,0,16.8,1,1.5,0.5,0,0,0,0,00460H-350
487,1,0,0,0,0,2,1,0,16.8,1,1.5,0.5,0,0,0,0,00010.290
488,1,0,0,0,0,2,1,0,16.8,1,1.5,0.5,0,0,0,0,00010.220
489,1,0,0,0,0,1,1,0,16.8,1,1.5,0.5,0,0,0,0,03006H-1
490,1,0.143426,0.056686,0,0,7,1,0,0.42,1,1.5,0.5,0,0,0,0,07005N-2
491,1,0,0,0,0,4,1,0,16.8,1,1.5,0.5,0,0,0,0,K3995
492,1,0,0,0,0,2,1,0,16.8,1,1.5,0.5,0,0,0,0,04095
493,1,0.266652,0.105388,0,0,7,1,0,0.42,1,1.5,0.5,0,0,0,0,09046N
494,1,0,0,0,0,1,1,0,16.8,1,1.5,0.5,0,0,0,0,09022.1H
495,1,0,0,0,0,1,1,0,16.8,1,1.5,0.5,0,0,0,0,09034H
496,1,0,0,0,0,2,1,0,16.8,1,1.5,0.5,0,0,0,0,K1591
497,1,0,0,0,0,1,1,0,16.8,1,1.5,0.5,0,0,0,0,00310H
498,1,0,0,0,0,8,1,0,16.8,1,1.5,0.5,0,0,0,0,K2033
499,1,0.0870985,0.0344235,0,0,7,1,0,0.42,1,1.5,0.5,0,0,0,0,03096N
500,1,0.165381,0.0653631,0,0,7,1,0,0.42,1,1.5,0.5,0,0,0,0,05020N
501,1,0,0,0,0,1,1,0,16.8,1,1.5,0.5,0,0,0,0,09018H
502,1,0,0,0,0,8,1,0,16.8,1,1.5,0.5,0,0,0,0,09100H-1
503,1,0,0,0,0,8,1,0,16.8,1,1.5,0.5,0,0,0,0,09099H
504,1,0,0,0,0,7,1,0,0.42,1,1.5,0.5,0,0,0,0,00303N-1.2
505,1,0.479917,0.1896754,0,0,7,1,0,0.42,1,1.5,0.5,0,0,0,0,01041N-1
506,1,0.146132,0.057755,0,0,7,1,0,0.42,1,1.5,0.5,0,0,0,0,00302N
507,1,0,0,0,0,8,1,0,16.8,1,1.5,0.5,0,0,0,0,09997H
508,1,0.171924,0.067949,0,0,7,1,0,0.42,1,1.5,0.5,0,0,0,0,00225N
509,1,0,0,0,0,2,1,0,16.8,1,1.5,0.5,0,0,0,0,00225H.1
510,1,0,0,0,0,2,1,0,16.8,1,1.5,0.5,0,0,0,0,00440H
511,1,0,0,0,0,3,1,0,16.8,1,1.5,0.5,0,0,0,0,WEST EZ
512,1,0,0,0,0,3,1,0,16.8,1,1.5,0.5,0,0,0,0,WEST FR
513,1,9.54,3.77045,0,0,3,1,0,16.8,1,1.5,0.5,0,0,0,0,WEST HOE
514,1,0,0,0,0,8,1,0,16.8,1,1.5,0.5,0,0,0,0,09032H-21
515,1,0.142073,0.056151,0,0,7,1,0,0.42,1,1.5,0.5,0,0,0,0,01019N
516,1,0,0,0,0,6,1,0,16.8,1,1.5,0.5,0,0,0,0,01019H
517,1,0.287529,0.113639,0,0,7,1,0,0.42,1,1.5,0.5,0,0,0,0,01011N-2
518,1,0.294294,0.116313,0,0,7,1,0,0.42,1,1.5,0.5,0,0,0,0,01011N-1
519,1,0.102157,0.040375,0,0,7,1,0,0.42,1,1.5,0.5,0,0,0,0,01034N-2
520,1,0.101481,0.040108,0,0,7,1,0,0.42,1,1.5,0.5,0,0,0,0,01034N-1
521,1,0,0,0,0,6,1,0,16.8,1,1.5,0.5,0,0,0,0,01034H
522,1,0.456664,0.180485,0,0,7,1,0,0.42,1,1.5,0.5,0,0,0,0,01042N-2
523,1,0,0,0,0,7,1,0,0.42,1,1.5,0.5,0,0,0,0,01042N-1
524,1,0,0,0,0,6,1,0,16.8,1,1.5,0.5,0,0,0,0,01042H
525,1,0.062242,0.024599,0,0,7,1,0,0.42,1,1.5,0.5,0,0,0,0,01036N-2
526,1,0.180636,0.071392,0,0,7,1,0,0.42,1,1.5,0.5,0,0,0,0,01039N-1
527,1,0,0,0,0,8,1,0,16.8,1,1.5,0.5,0,0,0,0,09035H
528,1,0,0,0,0,8,1,0,16.8,1,1.5,0.5,0,0,0,0,K2732
529,1,0,0,0,0,8,1,0,16.8,1,1.5,0.5,0,0,0,0,09009H
530,1,0,0,0,0,8,1,0,16.8,1,1.5,0.5,0,0,0,0,09031H
531,1,0,0,0,0,8,1,0,16.8,1,1.5,0.5,0,0,0,0,09038H-6
532,1,0,0,0,0,8,1,0,16.8,1,1.5,0.5,0,0,0,0,09015H
533,1,0,0,0,0,8,1,0,16.8,1,1.5,0.5,0,0,0,0,09003H
534,1,0,0,0.00104473,0.277016,8,1,0,16.8,1,1.5,0.5,0,0,0,0,00460H-180
535,1,0,0,0,0,8,1,0,16.8,1,1.5,0.5,0,0,0,0,00460H-91
536,1,0,0,0,0,1,1,0,16.8,1,1.5,0.5,0,0,0,0,00460H-81
537,1,0,0,0,0,1,1,0,16.8,1,1.5,0.5,0,0,0,0,00460H-2B
538,1,0,0,0,0,8,1,0,16.8,1,1.5,0.5,0,0,0,0,00460H-1B
539,1,0,0,0,0,1,1,0,16.8,1,1.5,0.5,0,0,0,0,00460H-2A
540,1,0,0,0,0,1,1,0,16.8,1,1.5,0.5,0,0,0,0,00304H
541,1,0,0,0,0,7,1,0,0.42,1,1.5,0.5,0,0,0,0,00305N-Prov
542,1,0,0,0,0,1,1,0,16.8,1,1.5,0.5,0,0,0,0,00305H-Prov
543,1,0.365331,0.144388,0,0,7,1,0,0.42,1,1.5,0.5,0,0,0,0,00340N-1
544,1,0.370743,0.146527,0,0,7,1,0,0.42,1,1.5,0.5,0,0,0,0,00340N-2
545,1,0,0,0,0,1,1,0,16.8,1,1.5,0.5,0,0,0,0,00340H
546,1,0.177253,0.070055,0,0,7,1,0,0.42,1,1.5,0.5,0,0,0,0,00330N
547,1,0,0,0,0,1,1,0,16.8,1,1.5,0.5,0,0,0,0,00330H
548,1,0.08592,0.033958,0,0,7,1,0,0.42,1,1.5,0.5,0,0,0,0,00320N-2
549,1,0,0,0,0,2,1,0,16.8,1,1.5,0.5,0,0,0,0,00320H
550,1,0.198903,0.078611,0,0,7,1,0,0.42,1,1.5,0.5,0,0,0,0,00113N
551,1,0,0,0,0,2,1,0,16.8,1,1.5,0.5,0,0,0,0,00113H
552,1,0,0,0,0,2,1,0,16.8,1,1.5,0.5,0,0,0,0,00170H-5
553,1,0,0,0,0,1,1,0,16.8,1,1.5,0.5,0,0,0,0,K643
554,1,0,0,0,0,1,1,0,16.8,1,1.5,0.5,0,0,0,0,K640
555,1,0,0,0,0,1,1,0,16.8,1,1.5,0.5,0,0,0,0,00012H
556,1,0,0,0,0,1,1,0,16.8,1,1.5,0.5,0,0,0,0,03011H
557,1,0,0,0,0,1,1,0,16.8,1,1.5,0.5,0,0,0,0,K628
558,1,0,0,0,0,1,1,0,16.8,1,1.5,0.5,0,0,0,0,K627
559,1,0,0,0,0,1,1,0,16.8,1,1.5,0.5,0,0,0,0,03018H
560,1,0,0,0,0,1,1,0,16.8,1,1.5,0.5,0,0,0,0,03013H
561,1,0,0,0,0,1,1,0,16.8,1,1.5,0.5,0,0,0,0,03006H
562,1,0,0,0,0,1,1,0,16.8,1,1.5,0.5,0,0,0,0,03015H
563,1,0.027738,0.010963,0,0,7,1,0,0.42,1,1.5,0.5,0,0,0,0,05017N
564,1,0,0,0,0,4,1,0,16.8,1,1.5,0.5,0,0,0,0,05017H
565,1,0,0,0,0,4,1,0,16.8,1,1.5,0.5,0,0,0,0,K94
566,1,0,0,0,0,4,1,0,16.8,1,1.5,0.5,0,0,0,0,K93
567,1,0,0,0,0,4,1,0,16.8,1,1.5,0.5,0,0,0,0,K91
568,1,0.029768,0.011765,0,0,7,1,0,0.42,1,1.5,0.5,0,0,0,0,05013N
569,1,0,0,0,0,4,1,0,16.8,1,1.5,0.5,0,0,0,0,05013H
570,1,0,0,0,0,4,1,0,16.8,1,1.5,0.5,0,0,0,0,K89
571,1,0,0,0,0,4,1,0,16.8,1,1.5,0.5,0,0,0,0,K86
572,1,0,0,0,0,4,1,0,16.8,1,1.5,0.5,0,0,0,0,05026H
573,1,0.027738,0.010963,0,0,7,1,0,0.42,1,1.5,0.5,0,0,0,0,05026N
574,1,0.031121,0.0123,0,0,7,1,0,0.42,1,1.5,0.5,0,0,0,0,05027N
575,1,0,0,0,0,4,1,0,16.8,1,1.5,0.5,0,0,0,0,05027H
576,1,0,0,0,0,4,1,0,16.8,1,1.5,0.5,0,0,0,0,05028H
577,1,0.027738,0.010963,0,0,7,1,0,0.42,1,1.5,0.5,0,0,0,0,05028N
578,1,0,0,0,0,2,1,0,16.8,1,1.5,0.5,0,0,0,0,00010.291
579,1,0,0,0,0,8,1,0,16.8,1,1.5,0.5,0,0,0,0,09032H-2
580,1,0.209727,0.082889,0,0,7,1,0,0.42,1,1.5,0.5,0,0,0,0,00265N-1
581,1,0.209051,0.082622,0,0,7,1,0,0.42,1,1.5,0.5,0,0,0,0,00265N-2
582,1,0,0,0,0,2,1,0,16.8,1,1.5,0.5,0,0,0,0,K1592
583,1,0,0,0,0,4,1,0,16.8,1,1.5,0.5,0,0,0,0,03096H-1
584,1,0,0,0,0,4,1,0,16.8,1,1.5,0.5,0,0,0,0,05033H
585,1,0,0,0,0,4,1,0,16.8,1,1.5,0.5,0,0,0,0,05032H
586,1,0,0,0,0,6,1,0,16.8,1,1.5,0.5,0,0,0,0,K3507
587,1,0,0,0,0,3,1,0,16.8,1,1.5,0.5,0,0,0,0,03098H-3
588,1,0,0,0,0,3,1,0,16.8,1,1.5,0.5,0,0,0,0,03098H-2
589,1,0,0,0,0,7,1,0,0.42,1,1.5,0.5,0,0,0,0,09997N-2
590,1,0.93,0.36756,0,0,7,1,0,0.42,1,1.5,0.5,0,0,0,0,09997N-1
591,1,0,0,0,0,4,1,0,16.8,1,1.5,0.5,0,0,0,0,05048H
592,1,0,0,0,0,8,1,0,16.8,1,1.5,0.5,0,0,0,0,K2754
593,1,0,0,0,0,6,1,0,16.8,1,1.5,0.5,0,0,0,0,01071H
594,1,0.071713,0.028343,0,0,7,1,0,0.42,1,1.5,0.5,0,0,0,0,03001N
595,1,0,0,0,0,3,1,0,16.8,1,1.5,0.5,0,0,0,0,00098H-6
596,1,0,0,0,0,3,1,0,0.42,1,1.5,0.5,0,0,0,0,00098N.6
597,1,0,0,0,0,3,1,0,0.42,1,1.5,0.5,0,0,0,0,00098N-7
598,1,0,0,0,0,3,1,0,16.8,1,1.5,0.5,0,0,0,0,00098H-3.2
599,1,0,0,0,0,3,1,0,16.8,1,1.5,0.5,0,0,0,0,00098H-3.1
600,1,0,0,0,0,3,1,0,16.8,1,1.5,0.5,0,0,0,0,00098H-4
601,1,0,0,0,0,1,1,0,16.8,1,1.5,0.5,0,0,0,0,N..1782527
602,1,0,0,0,0,3,1,0,16.8,1,1.5,0.5,0,0,0,0,09096H-93
603,1,0,0,0,0,3,1,0,16.8,1,1.5,0.5,0,0,0,0,09096H-94
604,1,0,0,0,0,8,1,0,16.8,1,1.5,0.5,0,0,0,0,00460.101
605,1,0,0,0,0,1,1,0,16.8,1,1.5,0.5,0,0,0,0,09101H
606,1,0,0,0,0,8,1,0,16.8,1,1.5,0.5,0,0,0,0,09004H
607,1,0,0,0,0,3,1,0,16.8,1,1.5,0.5,0,0,0,0,03098H
608,1,0.143426,0.056686,0,0,7,1,0,0.42,1,1.5,0.5,0,0,0,0,08024N
609,1,0,0,0,0,8,1,0,16.8,1,1.5,0.5,0,0,0,0,08024H
610,1,0.16034,0.06337,0,0,7,1,0,0.42,1,1.5,0.5,0,0,0,0,09057N-1
611,1,0,0,0,0,5,1,0,16.8,1,1.5,0.5,0,0,0,0,K333
612,1,0.202962,0.080216,0,0,7,1,0,0.42,1,1.5,0.5,0,0,0,0,01054N
613,1,0,0,0,0,5,1,0,16.8,1,1.5,0.5,0,0,0,0,01054H
614,1,0,0,0,0,5,1,0,16.8,1,1.5,0.5,0,0,0,0,K543
615,1,0.106893,0.042247,0,0,7,1,0,0.42,1,1.5,0.5,0,0,0,0,01001N-1
616,1,0,0,0,0,6,1,0,16.8,1,1.5,0.5,0,0,0,0,01001H
617,1,0,0,0,0,7,1,0,0.42,1,1.5,0.5,0,0,0,0,01032N-1
618,1,0,0,0,0,5,1,0,16.8,1,1.5,0.5,0,0,0,0,01032H
619,1,0.219199,0.086633,0,0,7,1,0,0.42,1,1.5,0.5,0,0,0,0,01037N-2
620,1,0.231376,0.091446,0,0,7,1,0,0.42,1,1.5,0.5,0,0,0,0,01037N-1
621,1,0,0,0,0,5,1,0,16.8,1,1.5,0.5,0,0,0,0,01037H
622,1,0.112305,0.044386,0,0,7,1,0,0.42,1,1.5,0.5,0,0,0,0,01002N-2
623,1,0.112982,0.044653,0,0,7,1,0,0.42,1,1.5,0.5,0,0,0,0,01002N-1
624,1,0,0,0,0,2,1,0,16.8,1,1.5,0.5,0,0,0,0,00010H-2A.1
625,1,0,0,0,0,8,1,0,16.8,1,1.5,0.5,0,0,0,0,K2517
626,1,0,0,0,0,8,1,0,16.8,1,1.5,0.5,0,0,0,0,09011H
627,1,0,0,0,0,8,1,0,16.8,1,1.5,0.5,0,0,0,0,K2528
628,1,0,0,0,0,8,1,0,16.8,1,1.5,0.5,0,0,0,0,K2526
629,1,0,0,0,0,8,1,0,16.8,1,1.5,0.5,0,0,0,0,K2525
630,1,0,0,0,0,8,1,0,16.8,1,1.5,0.5,0,0,0,0,K2524
631,1,0,0,0,0,8,1,0,16.8,1,1.5,0.5,0,0,0,0,K2522
632,1,0,0,0,0,8,1,0,16.8,1,1.5,0.5,0,0,0,0,09033H
633,1,0,0,0,0,8,1,0,16.8,1,1.5,0.5,0,0,0,0,09040H-1
634,1,0,0,0,0,8,1,0,16.8,1,1.5,0.5,0,0,0,0,09102H
635,1,0,0,0,0,8,1,0,16.8,1,1.5,0.5,0,0,0,0,09051H
636,1,0,0,0,0,8,1,0,16.8,1,1.5,0.5,0,0,0,0,09026H
637,1,0,0,0,0,8,1,0,16.8,1,1.5,0.5,0,0,0,0,09095H-1
638,1,0,0,0,0,1,1,0,16.8,1,1.5,0.5,0,0,0,0,K2007
639,1,0,0,0,0,8,1,0,16.8,1,1.5,0.5,0,0,0,0,00460H-381
640,1,0,0,0,0,1,1,0,16.8,1,1.5,0.5,0,0,0,0,00460H-53
641,1,0,0,0,0,8,1,0,16.8,1,1.5,0.5,0,0,0,0,00460H-351
642,1,0,0,0,0,1,1,0,16.8,1,1.5,0.5,0,0,0,0,00460H-171
643,1,0,0,0,0,1,1,0,16.8,1,1.5,0.5,0,0,0,0,00460H-241
644,1,0,0,0,0,8,1,0,16.8,1,1.5,0.5,0,0,0,0,00460H-331
645,1,0,0,0,0,8,1,0,16.8,1,1.5,0.5,0,0,0,0,00460H-231
646,1,0,0,0,0,8,1,0,16.8,1,1.5,0.5,0,0,0,0,00460H-131
647,1,0,0,0,0,1,1,0,16.8,1,1.5,0.5,0,0,0,0,00460H-111
648,1,0.403894,0.159629,0,0,7,1,0,0.42,1,1.5,0.5,0,0,0,0,00270N-2
649,1,0.410659,0.162303,0,0,7,1,0,0.42,1,1.5,0.5,0,0,0,0,00270N-1
650,1,0,0,0,0,2,1,0,16.8,1,1.5,0.5,0,0,0,0,00270H
651,1,0,0,0,0,2,1,0,16.8,1,1.5,0.5,0,0,0,0,00222H
652,1,0,0,0,0,1,1,0,16.8,1,1.5,0.5,0,0,0,0,00302H
653,1,0.190784,0.075403,0,0,7,1,0,0.42,1,1.5,0.5,0,0,0,0,00112N
654,1,0,0,0,0,2,1,0,16.8,1,1.5,0.5,0,0,0,0,00112H
655,1,0.204991,0.081018,0,0,7,1,0,0.42,1,1.5,0.5,0,0,0,0,00260N-1
656,1,0.21108,0.083424,0,0,7,1,0,0.42,1,1.5,0.5,0,0,0,0,00260N-2
657,1,0,0,0,0,2,1,0,16.8,1,1.5,0.5,0,0,0,0,00260H
658,1,0.14072,0.055616,0,0,7,1,0,0.42,1,1.5,0.5,0,0,0,0,00240N
659,1,0,0,0,0,2,1,0,16.8,1,1.5,0.5,0,0,0,0,00240H
660,1,0.30106,0.118987,0,0,7,1,0,0.42,1,1.5,0.5,0,0,0,0,00230N
661,1,0,0,0,0,2,1,0,16.8,1,1.5,0.5,0,0,0,0,00230H
662,1,0.073743,0.029145,0,0,7,1,0,0.42,1,1.5,0.5,0,0,0,0,00304N
663,1,0,0,0,0,5,1,0,16.8,1,1.5,0.5,0,0,0,0,00010H-1A
664,1,0,0,0,0,5,1,0,16.8,1,1.5,0.5,0,0,0,0,00010.201
665,1,0,0,0,0,1,1,0,16.8,1,1.5,0.5,0,0,0,0,04015H
666,1,0,0,0,0,1,1,0,16.8,1,1.5,0.5,0,0,0,0,K661
667,1,0,0,0,0,1,1,0,16.8,1,1.5,0.5,0,0,0,0,04016H
668,1,0,0,0,0,1,1,0,16.8,1,1.5,0.5,0,0,0,0,K658
669,1,0,0,0,0,1,1,0,16.8,1,1.5,0.5,0,0,0,0,K657
670,1,0,0,0,0,1,1,0,16.8,1,1.5,0.5,0,0,0,0,K656
671,1,0,0,0,0,1,1,0,16.8,1,1.5,0.5,0,0,0,0,K654
672,1,0,0,0,0,1,1,0,16.8,1,1.5,0.5,0,0,0,0,K652
673,1,0,0,0,0,1,1,0,16.8,1,1.5,0.5,0,0,0,0,K651
674,1,0,0,0,0,1,1,0,16.8,1,1.5,0.5,0,0,0,0,K649
675,1,0,0,0,0,1,1,0,16.8,1,1.5,0.5,0,0,0,0,K647
676,1,0,0,0,0,1,1,0,16.8,1,1.5,0.5,0,0,0,0,K646
677,1,0,0,0,0,1,1,0,16.8,1,1.5,0.5,0,0,0,0,03012H
678,1,0,0,0,0,1,1,0,16.8,1,1.5,0.5,0,0,0,0,K644
679,1,0.009472,0.003743,0,0,7,1,0,0.42,1,1.5,0.5,0,0,0,0,05015N
680,1,0,0,0,0,4,1,0,16.8,1,1.5,0.5,0,0,0,0,05015H
681,1,0,0,0,0,4,1,0,16.8,1,1.5,0.5,0,0,0,0,K102
682,1,0,0,0,0,4,1,0,16.8,1,1.5,0.5,0,0,0,0,K101
683,1,0,0,0,0,4,1,0,16.8,1,1.5,0.5,0,0,0,0,05022H
684,1,0.179959,0.071125,0,0,7,1,0,0.42,1,1.5,0.5,0,0,0,0,05022N
685,1,0,0,0,0,4,1,0,16.8,1,1.5,0.5,0,0,0,0,05023H
686,1,0.190784,0.075403,0,0,7,1,0,0.42,1,1.5,0.5,0,0,0,0,05023N
687,1,0,0,0,0,4,1,0,16.8,1,1.5,0.5,0,0,0,0,05024H
688,1,0.150868,0.059627,0,0,7,1,0,0.42,1,1.5,0.5,0,0,0,0,05024N
689,1,0.012854,0.00508,0,0,7,1,0,0.42,1,1.5,0.5,0,0,0,0,05021N
690,1,0,0,0,0,4,1,0,16.8,1,1.5,0.5,0,0,0,0,05021H
691,1,0,0,0,0,4,1,0,16.8,1,1.5,0.5,0,0,0,0,K98
692,1,0,0,0,0,4,1,0,16.8,1,1.5,0.5,0,0,0,0,K96
693,1,0,0,0,0,4,1,0,16.8,1,1.5,0.5,0,0,0,0,K106
694,1,0,0,0,0,4,1,0,16.8,1,1.5,0.5,0,0,0,0,K300
695,1,0.129882,0.0513325,0,0,7,1,0,0.42,1,1.5,0.5,0,0,0,0,09054N-1
696,1,0,0,0,0,3,1,0,16.8,1,1.5,0.5,0,0,0,0,00010H1.T3
697,1,0,0,0,0,3,1,0,16.8,1,1.5,0.5,0,0,0,0,00010H2.T3
698,1,0,0,0,0,3,1,0,16.8,1,1.5,0.5,0,0,0,0,00195H2
699,1,0,0,0,0,8,1,0,16.8,1,1.5,0.5,0,0,0,0,K2731
700,1,0,0,0,0,6,1,0,16.8,1,1.5,0.5,0,0,0,0,01049H-3
701,1,3.13912,1.24066,0,0,3,1,0,16.8,1,1.5,0.5,0,0,0,0,01049H-1
702,1,0,0,0,0,9,1,0,0.52,1,1.5,0.5,0,0,0,0,00100N-3
703,1,0.33827,0.133693,0,0,7,1,0,0.42,1,1.5,0.5,0,0,0,0,01060N
704,1,0,0,0,0,1,1,0,16.8,1,1.5,0.5,0,0,0,0,00420H-1
705,1,0.023002,0.009091,0,0,7,1,0,0.42,1,1.5,0.5,0,0,0,0,01030N
706,1,0,0,0,0,6,1,0,16.8,1,1.5,0.5,0,0,0,0,01030H
707,1,0,0,0,0,2,1,0,16.8,1,1.5,0.5,0,0,0,0,00210H-1
708,1,0,0,0,0,2,1,0,16.8,1,1.5,0.5,0,0,0,0,K1524
709,1,0,0,0,0,3,1,0,16.8,1,1.5,0.5,0,0,0,0,K7004
710,1,0,0,0,0,2,1,0,16.8,1,1.5,0.5,0,0,0,0,K1275
711,1,0,0,0,0,9,1,0,0.5,1,1.5,0.5,0,0,0,0,03096N-0.5kV
712,1,0,0,0,0,1,1,0,16.8,1,1.5,0.5,0,0,0,0,K659
713,1,0,0,0,0,2,1,0,16.8,1,1.5,0.5,0,0,0,0,00200H-230
714,1,0.100164,0.0395875,0,0,7,1,0,0.42,1,1.5,0.5,0,0,0,0,09097N-1
715,1,0,0,0,0,1,1,0,16.8,1,1.5,0.5,0,0,0,0,00305H
716,1,0,0,0,0,2,1,0,16.8,1,1.5,0.5,0,0,0,0,00221H
717,1,0,0,0,0,7,1,0,0.42,1,1.5,0.5,0,0,0,0,01042N-3
718,1,0,0,0,0,3,1,0,16.8,1,1.5,0.5,0,0,0,0,00098H-8
719,1,0,0,0,0,3,1,0,16.8,1,1.5,0.5,0,0,0,0,09096H-1
720,1,0,0,0,0,4,1,0,16.8,1,1.5,0.5,0,0,0,0,00098H-80
721,1,0,0,0,0,3,1,0,16.8,1,1.5,0.5,0,0,0,0,00098H-6.1
722,1,0,0,0,0,3,1,0,16.8,1,1.5,0.5,0,0,0,0,00098H-7.1
723,1,0,0,0,0,2,1,0,16.8,1,1.5,0.5,0,0,0,0,00001-H
724,1,0,0,0,0,8,1,0,16.8,1,1.5,0.5,0,0,0,0,08025H-1
725,1,0,0,0,0,2,1,0,16.8,1,1.5,0.5,0,0,0,0,00175H
726,1,0,0,0,0,2,1,0,16.8,1,1.5,0.5,0,0,0,0,K1299
727,1,0.023679,0.009358,0,0,7,1,0,0.42,1,1.5,0.5,0,0,0,0,00315N
728,1,0,0,0,0,8,1,0,16.8,1,1.5,0.5,0,0,0,0,K2542
729,1,0,0,0,0,8,1,0,16.8,1,1.5,0.5,0,0,0,0,K3078
730,1,0,0,0,0,8,1,0,16.8,1,1.5,0.5,0,0,0,0,K3075
731,1,0,0,0,0,8,1,0,16.8,1,1.5,0.5,0,0,0,0,K3074
732,1,0,0,0,0,5,1,0,16.8,1,1.5,0.5,0,0,0,0,K4002
733,1,0,0,0,0,5,1,0,16.8,1,1.5,0.5,0,0,0,0,K4001
734,1,0.245584,0.097061,0,0,7,1,0,0.42,1,1.5,0.5,0,0,0,0,00165N
735,1,0,0,0,0,2,1,0,16.8,1,1.5,0.5,0,0,0,0,00165H
736,1,0.066977,0.026471,0,0,7,1,0,0.42,1,1.5,0.5,0,0,0,0,00111N
737,1,0.220552,0.087168,0,0,7,1,0,0.42,1,1.5,0.5,0,0,0,0,09077N-2
738,1,0.227317,0.089841,0,0,7,1,0,0.42,1,1.5,0.5,0,0,0,0,09077N-1
739,1,0,0,0,0,5,1,0,16.8,1,1.5,0.5,0,0,0,0,09077.1H
740,1,0,0,0,0,5,1,0,16.8,1,1.5,0.5,0,0,0,0,01016H
741,1,0.056829,0.02246,0,0,7,1,0,0.42,1,1.5,0.5,0,0,0,0,09005N
742,1,0,0,0,0,5,1,0,16.8,1,1.5,0.5,0,0,0,0,09005H
743,1,0.115688,0.045723,0,0,7,1,0,0.42,1,1.5,0.5,0,0,0,0,09068N-2
744,1,0.115012,0.045456,0,0,7,1,0,0.42,1,1.5,0.5,0,0,0,0,09068N-1
745,1,0,0,0,0,5,1,0,16.8,1,1.5,0.5,0,0,0,0,09068H
746,1,0,0,0,0,7,1,0,0.42,1,1.5,0.5,0,0,0,0,01016N-3
747,1,0.416072,0.164442,0,0,7,1,0,0.42,1,1.5,0.5,0,0,0,0,01016N-2
748,1,0.447192,0.176742,0,0,7,1,0,0.42,1,1.5,0.5,0,0,0,0,01016N-1
749,1,0,0,0,0,5,1,0,16.8,1,1.5,0.5,0,0,0,0,01016H-1
750,1,0,0,0,0,5,1,0,16.8,1,1.5,0.5,0,0,0,0,00010H-1A.1
751,1,0,0,0,0,3,1,0,8,1,1.5,0.5,0,0,0,0,03003H-8.9
752,1,0,0,0,0,3,1,0,8,1,1.5,0.5,0,0,0,0,03003H-KT2
753,1,0,0,0,0,1,1,0,16.8,1,1.5,0.5,0,0,0,0,03003H-KT1
754,1,0.000677,0.000267,0,0,7,1,0,0.42,1,1.5,0.5,0,0,0,0,00430N
755,1,0,0,0,0,7,1,0,0.42,1,1.5,0.5,0,0,0,0,07031N-1
756,1,0,0,0,0,4,1,0,16.8,1,1.5,0.5,0,0,0,0,07033H
757,1,0,0,0,0,4,1,0,16.8,1,1.5,0.5,0,0,0,0,07022H
758,1,0,0,0,0,8,1,0,16.8,1,1.5,0.5,0,0,0,0,K2502
759,1,0,0,0,0,8,1,0,16.8,1,1.5,0.5,0,0,0,0,K2537
760,1,0,0,0,0,8,1,0,16.8,1,1.5,0.5,0,0,0,0,K3152
761,1,0,0,0,0,8,1,0,16.8,1,1.5,0.5,0,0,0,0,K2501
762,1,0,0,0,0,8,1,0,16.8,1,1.5,0.5,0,0,0,0,K2503
763,1,0,0,0,0,8,1,0,16.8,1,1.5,0.5,0,0,0,0,K2530
764,1,0,0,0,0,8,1,0,16.8,1,1.5,0.5,0,0,0,0,K2529
765,1,0,0,0,0,8,1,0,16.8,1,1.5,0.5,0,0,0,0,K2024
766,1,0,0,0,0,8,1,0,16.8,1,1.5,0.5,0,0,0,0,09032H-1
767,1,0,0,0,0,2,1,0,16.8,1,1.5,0.5,0,0,0,0,00290.1H
768,1,0,0,0,0,2,1,0,16.8,1,1.5,0.5,0,0,0,0,00391H
769,1,0.838232,0.33129,0,0,7,1,0,0.42,1,1.5,0.5,0,0,0,0,00290N
770,1,0.235436,0.09305,0,0,7,1,0,0.42,1,1.5,0.5,0,0,0,0,00390N
771,1,0.322033,0.127275,0,0,7,1,0,0.42,1,1.5,0.5,0,0,0,0,00220N-2
772,1,0.322033,0.127275,0,0,7,1,0,0.42,1,1.5,0.5,0,0,0,0,00220N-1
773,1,0,0,0,0,2,1,0,16.8,1,1.5,0.5,0,0,0,0,00220H
774,1,0.276028,0.109093,0,0,7,1,0,0.42,1,1.5,0.5,0,0,0,0,00250N
775,1,0,0,0,0,2,1,0,16.8,1,1.5,0.5,0,0,0,0,00250H
776,1,0,0,0,0,2,1,0,16.8,1,1.5,0.5,0,0,0,0,00210H
777,1,0.094715,0.037434,0,0,7,1,0,0.42,1,1.5,0.5,0,0,0,0,00270N-3
778,1,0,0,0,0,5,1,0,16.8,1,1.5,0.5,0,0,0,0,00010.171
779,1,0,0,0,0,1,1,0,16.8,1,1.5,0.5,0,0,0,0,00430H-100
780,1,0,0,0,0,1,1,0,16.8,1,1.5,0.5,0,0,0,0,00430H-50
781,1,0,0,0,0,1,1,0,16.8,1,1.5,0.5,0,0,0,0,00430H-80
782,1,0,0,0,0,1,1,0,16.8,1,1.5,0.5,0,0,0,0,00430H-110
783,1,0,0,0,0,1,1,0,16.8,1,1.5,0.5,0,0,0,0,00430H-2
784,1,0,0,0,0,1,1,0,16.8,1,1.5,0.5,0,0,0,0,00430H-1
785,1,0,0,0,0,2,1,0,16.8,1,1.5,0.5,0,0,0,0,04019H
786,1,0,0,0,0,2,1,0,16.8,1,1.5,0.5,0,0,0,0,K669
787,1,0,0,0,0,2,1,0,16.8,1,1.5,0.5,0,0,0,0,04002H
788,1,0.131925,0.05214,0,0,7,1,0,0.42,1,1.5,0.5,0,0,0,0,04004N
789,1,0,0,0,0,2,1,0,16.8,1,1.5,0.5,0,0,0,0,04014H
790,1,0.065624,0.025936,0,0,7,1,0,0.42,1,1.5,0.5,0,0,0,0,03006N
791,1,0,0,0,0,2,1,0,16.8,1,1.5,0.5,0,0,0,0,04017H
792,1,0,0,0,0,1,1,0,16.8,1,1.5,0.5,0,0,0,0,K666
793,1,0,0,0,0,1,1,0,16.8,1,1.5,0.5,0,0,0,0,K664
794,1,0.079832,0.031551,0,0,7,1,0,0.42,1,1.5,0.5,0,0,0,0,05006N
795,1,0,0,0,0,4,1,0,16.8,1,1.5,0.5,0,0,0,0,05006H
796,1,0,0,0,0,4,1,0,16.8,1,1.5,0.5,0,0,0,0,K117
797,1,0,0,0,0,4,1,0,16.8,1,1.5,0.5,0,0,0,0,05020H
798,1,0.008795,0.003476,0,0,7,1,0,0.42,1,1.5,0.5,0,0,0,0,05019N
799,1,0,0,0,0,4,1,0,16.8,1,1.5,0.5,0,0,0,0,05019H
800,1,0,0,0,0,4,1,0,16.8,1,1.5,0.5,0,0,0,0,K113
801,1,0,0,0,0,4,1,0,16.8,1,1.5,0.5,0,0,0,0,K111
802,1,0,0,0,0,4,1,0,16.8,1,1.5,0.5,0,0,0,0,05014H
803,1,0,0,0,0,4,1,0,16.8,1,1.5,0.5,0,0,0,0,K107
804,1,0,0,0,0,8,1,0,16.8,1,1.5,0.5,0,0,0,0,00460H-130
805,1,0,0,0,0,4,1,0,16.8,1,1.5,0.5,0,0,0,0,K301
806,1,0,0,0,0,4,1,0,16.8,1,1.5,0.5,0,0,0,0,K73
807,1,0,0,0,0,3,1,0,16.8,1,1.5,0.5,0,0,0,0,00010H3.T1
808,1,0,0,0,0,3,1,0,0.42,1,1.5,0.5,0,0,0,0,00195H3
809,1,0,0,0,0,9,1,0,0.52,1,1.5,0.5,0,0,0,0,00100N-1
810,1,0,0,0,0,3,1,0,16.8,1,1.5,0.5,0,0,0,0,04096
811,1,0,0,0,0,6,1,0,16.8,1,1.5,0.5,0,0,0,0,01068H.80
812,1,0,0,0,0,6,1,0,16.8,1,1.5,0.5,0,0,0,0,01068H.140
813,1,0,0,0,0,6,1,0,16.8,1,1.5,0.5,0,0,0,0,01068H.90
814,1,0,0,0,0,5,1,0,16.8,1,1.5,0.5,0,0,0,0,01068H.160
815,1,0,0,0,0,6,1,0,16.8,1,1.5,0.5,0,0,0,0,01068H.60
816,1,0,0,0,0,6,1,0,16.8,1,1.5,0.5,0,0,0,0,01068H.130
817,1,0,0,0,0,6,1,0,16.8,1,1.5,0.5,0,0,0,0,01068H.100
818,1,0,0,0,0,8,1,0,16.8,1,1.5,0.5,0,0,0,0,K2349
819,1,0,0,0,0,1,1,0,16.8,1,1.5,0.5,0,0,0,0,09091H
820,1,0,0,0,0,2,1,0,16.8,1,1.5,0.5,0,0,0,0,00290.2H
821,1,0.047358,0.018717,0,0,7,1,0,0.42,1,1.5,0.5,0,0,0,0,05033N
822,1,0.132283,0.0522816,0,0,7,1,0,0.42,1,1.5,0.5,0,0,0,0,09088N-2
823,1,0.100164,0.0395875,0,0,7,1,0,0.42,1,1.5,0.5,0,0,0,0,09097N-2
824,1,0,0,0,0,7,1,0,0.42,1,1.5,0.5,0,0,0,0,01064NK
825,1,0,0,0,0,3,1,0,16.8,1,1.5,0.5,0,0,0,0,00098H-17.1
826,1,0,0,0,0,2,1,0,16.8,1,1.5,0.5,0,0,0,0,00135H
827,1,0.106298,0.042012,0,0,7,1,0,0.42,1,1.5,0.5,0,0,0,0,09017N-2
828,1,0,0,0,0,3,1,0,16.8,1,1.5,0.5,0,0,0,0,09096H-7
829,1,0,0,0,0,3,1,0,16.8,1,1.5,0.5,0,0,0,0,09096H-6
830,1,0.507404,0.200539,0,0,7,1,0,0.42,1,1.5,0.5,0,0,0,0,00425N-2
831,1,0,0,0,0,7,1,0,0.42,1,1.5,0.5,0,0,0,0,09101N-1
832,1,0,0,0,0,8,1,0,16.8,1,1.5,0.5,0,0,0,0,K3150
833,1,0,0,0,0,4,1,0,16.8,1,1.5,0.5,0,0,0,0,07010H
834,1,0,0,0,0,4,1,0,16.8,1,1.5,0.5,0,0,0,0,07001H
835,1,0,0,0,0,4,1,0,16.8,1,1.5,0.5,0,0,0,0,07008H-1
836,1,0,0,0,0,6,1,0,16.8,1,1.5,0.5,0,0,0,0,01007H
837,1,0,0,0,0,4,1,0,16.8,1,1.5,0.5,0,0,0,0,K152
838,1,0,0,0,0,4,1,0,16.8,1,1.5,0.5,0,0,0,0,K151
839,1,0.116365,0.04599,0,0,7,1,0,0.42,1,1.5,0.5,0,0,0,0,00175N
840,1,0,0,0,0,5,1,0,16.8,1,1.5,0.5,0,0,0,0,01037H-5
841,1,0,0,0,0,5,1,0,16.8,1,1.5,0.5,0,0,0,0,01037H-1
842,1,0,0,0,0,6,1,0,16.8,1,1.5,0.5,0,0,0,0,K4014
843,1,0,0,0,0,6,1,0,16.8,1,1.5,0.5,0,0,0,0,01011H
844,1,0,0,0,0,6,1,0,16.8,1,1.5,0.5,0,0,0,0,01009H-6
845,1,0,0,0,0,5,1,0,16.8,1,1.5,0.5,0,0,0,0,01057H-470
846,1,0,0,0,0,6,1,0,16.8,1,1.5,0.5,0,0,0,0,01010H-1
847,1,0,0,0,0,6,1,0,16.8,1,1.5,0.5,0,0,0,0,01018H-5
848,1,0,0,0,0,6,1,0,16.8,1,1.5,0.5,0,0,0,0,02003H-4
849,1,0.109599,0.043316,0,0,7,1,0,0.42,1,1.5,0.5,0,0,0,0,01040N-2
850,1,0.109599,0.043316,0,0,7,1,0,0.42,1,1.5,0.5,0,0,0,0,01040N-1
851,1,0,0,0,0,6,1,0,16.8,1,1.5,0.5,0,0,0,0,01040H1
852,1,0.03315,0.013102,0,0,7,1,0,0.42,1,1.5,0.5,0,0,0,0,01014N-1
853,1,0,0,0,0,6,1,0,16.8,1,1.5,0.5,0,0,0,0,01014H
854,1,0.028415,0.01123,0,0,7,1,0,0.42,1,1.5,0.5,0,0,0,0,01005N-1
855,1,0,0,0,0,6,1,0,16.8,1,1.5,0.5,0,0,0,0,01005H
856,1,0.175224,0.069253,0,0,7,1,0,0.42,1,1.5,0.5,0,0,0,0,00222N-2
857,1,0.173194,0.068451,0,0,7,1,0,0.42,1,1.5,0.5,0,0,0,0,00222N-1
858,1,0,0,0,0,8,1,0,16.8,1,1.5,0.5,0,0,0,0,09092H-1
859,1,0,0,0,0,3,1,0,8,1,1.5,0.5,0,0,0,0,03003H-8.2
860,1,0,0,0,0,3,1,0,8,1,1.5,0.5,0,0,0,0,03003H-8.1
861,1,0,0,0,0,5,1,0,16.8,1,1.5,0.5,0,0,0,0,00010.41
862,1,0,0,0,0,8,1,0,16.8,1,1.5,0.5,0,0,0,0,K2035
863,1,0,0,0,0,8,1,0,16.8,1,1.5,0.5,0,0,0,0,09036H
864,1,0,0,0,0,8,1,0,16.8,1,1.5,0.5,0,0,0,0,K2027
865,1,0,0,0,0,3,1,0,16.8,1,1.5,0.5,0,0,0,0,09096H-42
866,1,0,0,0,0,3,1,0,16.8,1,1.5,0.5,0,0,0,0,09096H-4
867,1,0,0,0,0,3,1,0,16.8,1,1.5,0.5,0,0,0,0,09096H-92
868,1,0,0,0,0,3,1,0,16.8,1,1.5,0.5,0,0,0,0,09096H-9
869,1,0,0,0,0,2,1,0,16.8,1,1.5,0.5,0,0,0,0,00303H-1
870,1,0,0,0,0,2,1,0,16.8,1,1.5,0.5,0,0,0,0,00303H
871,1,0,0,0,0,2,1,0,16.8,1,1.5,0.5,0,0,0,0,00410H-1
872,1,0,0,0,0,2,1,0,16.8,1,1.5,0.5,0,0,0,0,00410H
873,1,0.032474,0.012834,0,0,7,1,0,0.42,1,1.5,0.5,0,0,0,0,00400N
874,1,0,0,0,0,2,1,0,16.8,1,1.5,0.5,0,0,0,0,00400H
875,1,0.208374,0.082355,0,0,7,1,0,0.42,1,1.5,0.5,0,0,0,0,00300N-2
876,1,0,0,0,0,1,1,0,16.8,1,1.5,0.5,0,0,0,0,00300H
877,1,0.199579,0.078879,0,0,7,1,0,0.42,1,1.5,0.5,0,0,0,0,00370N
878,1,0,0,0,0,2,1,0,16.8,1,1.5,0.5,0,0,0,0,00370H
879,1,0.008795,0.003476,0,0,7,1,0,0.42,1,1.5,0.5,0,0,0,0,00291N
880,1,0,0,0,0,5,1,0,16.8,1,1.5,0.5,0,0,0,0,00291H
881,1,0,0,0,0,2,1,0,16.8,1,1.5,0.5,0,0,0,0,00380H
882,1,0.612945,0.242251,0,0,7,1,0,0.42,1,1.5,0.5,0,0,0,0,00410N
883,1,0,0,0,0,2,1,0,16.8,1,1.5,0.5,0,0,0,0,04011H
884,1,0,0,0,0,2,1,0,16.8,1,1.5,0.5,0,0,0,0,04007H
885,1,0,0,0,0,2,1,0,16.8,1,1.5,0.5,0,0,0,0,04008H
886,1,0,0,0,0,2,1,0,16.8,1,1.5,0.5,0,0,0,0,04020H
887,1,0,0,0,0,2,1,0,16.8,1,1.5,0.5,0,0,0,0,04006H
888,1,0,0,0,0,2,1,0,16.8,1,1.5,0.5,0,0,0,0,04010H
889,1,0,0,0,0,2,1,0,16.8,1,1.5,0.5,0,0,0,0,K682
890,1,0,0,0,0,2,1,0,16.8,1,1.5,0.5,0,0,0,0,K680
891,1,0,0,0,0,2,1,0,16.8,1,1.5,0.5,0,0,0,0,K677
892,1,0,0,0,0,1,1,0,16.8,1,1.5,0.5,0,0,0,0,00430H-30
893,1,0,0,0,0,1,1,0,16.8,1,1.5,0.5,0,0,0,0,00430H-40
894,1,0,0,0,0,1,1,0,16.8,1,1.5,0.5,0,0,0,0,00430H-90
895,1,0,0,0,0,4,1,0,16.8,1,1.5,0.5,0,0,0,0,K104
896,1,0,0,0,0,4,1,0,16.8,1,1.5,0.5,0,0,0,0,K97
897,1,0,0,0,0,4,1,0,16.8,1,1.5,0.5,0,0,0,0,K90
898,1,0,0,0,0,4,1,0,16.8,1,1.5,0.5,0,0,0,0,K75
899,1,0,0,0,0,4,1,0,16.8,1,1.5,0.5,0,0,0,0,K74
900,1,0,0,0,0,1,1,0,16.8,1,1.5,0.5,0,0,0,0,00460H-170
901,1,0,0,0,0,2,1,0,16.8,1,1.5,0.5,0,0,0,0,00245H
902,1,0,0,0,0,4,1,0,16.8,1,1.5,0.5,0,0,0,0,K227
903,1,0,0,0,0,5,1,0,16.8,1,1.5,0.5,0,0,0,0,01056.H50
904,1,0,0,0,0,3,1,0,16.8,1,1.5,0.5,0,0,0,0,00010H3.T3
905,1,0,0,0,0,3,1,0,16.8,1,1.5,0.5,0,0,0,0,01068H1.T2
906,1,0,0,0,0,3,1,0,16.8,1,1.5,0.5,0,0,0,0,00460H3.T1
907,1,0,0,0,0,2,1,0,16.8,1,1.5,0.5,0,0,0,0,K1064
908,1,0,0,0,0,2,1,0,16.8,1,1.5,0.5,0,0,0,0,K1065
909,1,0,0,0,0,2,1,0,16.8,1,1.5,0.5,0,0,0,0,00391H-1
910,1,0,0,0,0,8,1,0,16.8,1,1.5,0.5,0,0,0,0,08006H
911,1,0,0,0,0,1,1,0,16.8,1,1.5,0.5,0,0,0,0,00450H
912,1,0,0,0,0,4,1,0,16.8,1,1.5,0.5,0,0,0,0,05011H
913,1,0.111629,0.044119,0,0,7,1,0,0.42,1,1.5,0.5,0,0,0,0,09022N-1
914,1,0,0,0,0,8,1,0,16.8,1,1.5,0.5,0,0,0,0,K2553
915,1,0,0,0,0,8,1,0,16.8,1,1.5,0.5,0,0,0,0,K2552
916,1,0,0,0,0,8,1,0,16.8,1,1.5,0.5,0,0,0,0,K2551
917,1,0,0,0,0,2,1,0,16.8,1,1.5,0.5,0,0,0,0,00170H-2
918,1,0,0,0,0,2,1,0,16.8,1,1.5,0.5,0,0,0,0,K1527
919,1,0,0,0,0,2,1,0,16.8,1,1.5,0.5,0,0,0,0,K1528
920,1,0.0308219,0.0121811,0,0,7,1,0,0.42,1,1.5,0.5,0,0,0,0,00135N
921,1,0,0,0,0,3,1,0,16.8,1,1.5,0.5,0,0,0,0,09096H-8
922,1,0,0,0,0,4,1,0,16.8,1,1.5,0.5,0,0,0,0,K150
923,1,0,0,0,0,8,1,0,16.8,1,1.5,0.5,0,0,0,0,N..1785281
924,1,0,0,0,0,3,1,0,0.42,1,1.5,0.5,0,0,0,0,00098N-3
925,1,0,0,0,0,8,1,0,16.8,1,1.5,0.5,0,0,0,0,00460H-61
926,1,0,0,0,0,7,1,0,0.42,1,1.5,0.5,0,0,0,0,09101N-2
927,1,0,0,0,0,8,1,0,16.8,1,1.5,0.5,0,0,0,0,09101H-2
928,1,0,0,0,0,1,1,0,16.8,1,1.5,0.5,0,0,0,0,09069H
929,1,0,0,0,0,6,1,0,16.8,1,1.5,0.5,0,0,0,0,01024H
930,1,0,0,0,0,1,1,0,16.8,1,1.5,0.5,0,0,0,0,K555
931,1,0,0,0,0,5,1,0,16.8,1,1.5,0.5,0,0,0,0,01057H-30
932,1,0.324,0.128053,0,0,6,1,0,16.8,1,1.5,0.5,0,0,0,0,01059H-1
933,1,0.223258,0.088237,0,0,7,1,0,0.42,1,1.5,0.5,0,0,0,0,08004N
934,1,0,0,0,0,8,1,0,16.8,1,1.5,0.5,0,0,0,0,08004H
935,1,0.172517,0.068183,0,0,7,1,0,0.42,1,1.5,0.5,0,0,0,0,08002N-2
936,1,0.172517,0.068183,0,0,7,1,0,0.42,1,1.5,0.5,0,0,0,0,08002N-1
937,1,0,0,0,0,8,1,0,16.8,1,1.5,0.5,0,0,0,0,08002H
938,1,0.03518,0.013904,0,0,7,1,0,0.42,1,1.5,0.5,0,0,0,0,08001N
939,1,0.191461,0.07567,0,0,7,1,0,0.42,1,1.5,0.5,0,0,0,0,08020N
940,1,0,0,0,0,8,1,0,16.8,1,1.5,0.5,0,0,0,0,08020H
941,1,0,0,0,0,5,1,0,16.8,1,1.5,0.5,0,0,0,0,09077H-4
942,1,0,0,0,0,6,1,0,16.8,1,1.5,0.5,0,0,0,0,01039H-2
943,1,0.046005,0.018182,0,0,7,1,0,0.42,1,1.5,0.5,0,0,0,0,01046N
944,1,0,0,0,0,6,1,0,16.8,1,1.5,0.5,0,0,0,0,01046H
945,1,0.027062,0.010695,0,0,7,1,0,0.42,1,1.5,0.5,0,0,0,0,01043N
946,1,0,0,0,0,6,1,0,16.8,1,1.5,0.5,0,0,0,0,01043H
947,1,0.029768,0.011765,0,0,7,1,0,0.42,1,1.5,0.5,0,0,0,0,01023N
948,1,0,0,0,0,6,1,0,16.8,1,1.5,0.5,0,0,0,0,01023H
949,1,0.173871,0.068718,0,0,7,1,0,0.42,1,1.5,0.5,0,0,0,0,01048N
950,1,0,0,0,0,6,1,0,16.8,1,1.5,0.5,0,0,0,0,01048H
951,1,0.240171,0.094922,0,0,7,1,0,0.42,1,1.5,0.5,0,0,0,0,01020N-2
952,1,0.226641,0.089574,0,0,7,1,0,0.42,1,1.5,0.5,0,0,0,0,01020N-1
953,1,0,0,0,0,6,1,0,16.8,1,1.5,0.5,0,0,0,0,01020H
954,1,0.422837,0.167116,0,0,7,1,0,0.42,1,1.5,0.5,0,0,0,0,01047N-2
955,1,0,0,0,0,6,1,0,16.8,1,1.5,0.5,0,0,0,0,01047H
956,1,0,0,0,0,8,1,0,16.8,1,1.5,0.5,0,0,0,0,09059H
957,1,0,0,0,0,8,1,0,16.8,1,1.5,0.5,0,0,0,0,K2044
958,1,0,0,0,0,8,1,0,16.8,1,1.5,0.5,0,0,0,0,K2010
959,1,0,0,0,0,8,1,0,16.8,1,1.5,0.5,0,0,0,0,K2041
960,1,0,0,0,0,8,1,0,16.8,1,1.5,0.5,0,0,0,0,K2039
961,1,0,0,0,0,8,1,0,16.8,1,1.5,0.5,0,0,0,0,K2021
962,1,0,0,0,0,8,1,0,16.8,1,1.5,0.5,0,0,0,0,K2032
963,1,0,0,0,0,1,1,0,16.8,1,1.5,0.5,0,0,0,0,00100H-2A
964,1,0,0,0,0,2,1,0,16.8,1,1.5,0.5,0,0,0,0,00100H-1A
965,1,0,0,0,0,2,1,0,16.8,1,1.5,0.5,0,0,0,0,00100H-18
966,1,0,0,0,0,2,1,0,16.8,1,1.5,0.5,0,0,0,0,00100H-17
967,1,0,0,0,0,1,1,0,16.8,1,1.5,0.5,0,0,0,0,00100H-2B
968,1,0,0,0,0,2,1,0,16.8,1,1.5,0.5,0,0,0,0,00100H-1B
969,1,0.305796,0.120858,0,0,7,1,0,0.42,1,1.5,0.5,0,0,0,0,00303N-2
970,1,0.304443,0.120323,0,0,7,1,0,0.42,1,1.5,0.5,0,0,0,0,00303N-1
971,1,0.004059,0.001604,0,0,7,1,0,0.42,1,1.5,0.5,0,0,0,0,03014N
972,1,0.006765,0.002674,0,0,7,1,0,0.42,1,1.5,0.5,0,0,0,0,00011N
973,1,0,0,0,0,1,1,0,16.8,1,1.5,0.5,0,0,0,0,04001H
974,1,0,0,0,0,1,1,0,16.8,1,1.5,0.5,0,0,0,0,K695
975,1,0,0,0,0,1,1,0,16.8,1,1.5,0.5,0,0,0,0,K692
976,1,0,0,0,0,1,1,0,16.8,1,1.5,0.5,0,0,0,0,K691
977,1,0,0,0,0,1,1,0,16.8,1,1.5,0.5,0,0,0,0,K690
978,1,0,0,0,0,1,1,0,16.8,1,1.5,0.5,0,0,0,0,04018H
979,1,1.2426,0.491108,0,0,3,1,0,16.8,1,1.5,0.5,0,0,0,0,04099H
980,1,0,0,0,0,4,1,0,16.8,1,1.5,0.5,0,0,0,0,03099H-4
981,1,0.09,0.03557,0,0,3,1,0,16.8,1,1.5,0.5,0,0,0,0,03099H
982,1,0,0,0,0,2,1,0,16.8,1,1.5,0.5,0,0,0,0,K672
983,1,0,0,0,0,2,1,0,16.8,1,1.5,0.5,0,0,0,0,04005H
984,1,0,0,0,0,5,1,0,16.8,1,1.5,0.5,0,0,0,0,00010H-1B.1
985,1,0,0,0,0,2,1,0,16.8,1,1.5,0.5,0,0,0,0,00010H-2B.1
986,1,0,0,0,0,4,1,0,16.8,1,1.5,0.5,0,0,0,0,K140
987,1,0,0,0,0,4,1,0,16.8,1,1.5,0.5,0,0,0,0,K138
988,1,0,0,0,0,4,1,0,16.8,1,1.5,0.5,0,0,0,0,K137
989,1,0,0,0,0,4,1,0,16.8,1,1.5,0.5,0,0,0,0,K135
990,1,0,0,0,0,4,1,0,16.8,1,1.5,0.5,0,0,0,0,K128
991,1,0,0,0,0,4,1,0,16.8,1,1.5,0.5,0,0,0,0,K134
992,1,0,0,0,0,4,1,0,16.8,1,1.5,0.5,0,0,0,0,K131
993,1,0,0,0,0,4,1,0,16.8,1,1.5,0.5,0,0,0,0,K130
994,1,0,0,0,0,4,1,0,16.8,1,1.5,0.5,0,0,0,0,K127
995,1,0,0,0,0,4,1,0,16.8,1,1.5,0.5,0,0,0,0,K122
996,1,0,0,0,0,4,1,0,16.8,1,1.5,0.5,0,0,0,0,K121
997,1,0,0,0,0,4,1,0,16.8,1,1.5,0.5,0,0,0,0,K115
998,1,0,0,0,0,4,1,0,16.8,1,1.5,0.5,0,0,0,0,K110
999,1,0,0,0,0,4,1,0,16.8,1,1.5,0.5,0,0,0,0,K21
1000,1,0,0,0,0,1,1,0,16.8,1,1.5,0.5,0,0,0,0,00460H-40
1001,1,0,0,0,0,1,1,0,16.8,1,1.5,0.5,0,0,0,0,00460H-361
1002,1,0,0,0,0,3,1,0,0.32,1,1.5,0.5,0,0,0,0,00255.20H
1003,1,0.139427,0.0551049,0,0,7,1,0,0.42,1,1.5,0.5,0,0,0,0,01010N
1004,1,0,0,0,0,5,1,0,16.8,1,1.5,0.5,0,0,0,0,01065.H60
1005,1,0.178606,0.07059,0,0,7,1,0,0.42,1,1.5,0.5,0,0,0,0,08006N
1006,1,0.112982,0.044653,0,0,7,1,0,0.42,1,1.5,0.5,0,0,0,0,09022N-2
1007,1,0,0,0,0,8,1,0,16.8,1,1.5,0.5,0,0,0,0,K2550
1008,1,0,0,0,0,8,1,0,16.8,1,1.5,0.5,0,0,0,0,K2554
1009,1,0,0,0,0,6,1,0,16.8,1,1.5,0.5,0,0,0,0,01064H
1010,1,0,0,0,0,3,1,0,0.42,1,1.5,0.5,0,0,0,0,00098N-8
1011,1,0,0,0,0,4,1,0,16.8,1,1.5,0.5,0,0,0,0,05039H-1
1012,1,0,0,0,0,2,1,0,16.8,1,1.5,0.5,0,0,0,0,K1083
1013,1,0,0,0,0,2,1,0,16.8,1,1.5,0.5,0,0,0,0,K1084
1014,1,0,0,0,0,1,1,0,16.8,1,1.5,0.5,0,0,0,0,09104H
1015,1,0,0,0,0,4,1,0,16.8,1,1.5,0.5,0,0,0,0,k151
1016,1,0,0,0,0,8,1,0,16.8,1,1.5,0.5,0,0,0,0,N..1785038
1017,1,0,0,0,0,3,1,0,0.42,1,1.5,0.5,0,0,0,0,00098N-4
1018,1,0.081184,0.032086,0,0,7,1,0,0.42,1,1.5,0.5,0,0,0,0,07028N
1019,1,0,0,0,0,2,1,0,16.8,1,1.5,0.5,0,0,0,0,K629
1020,1,0,0,0,0,8,1,0,16.8,1,1.5,0.5,0,0,0,0,08001H
1021,1,0,0,0,0,8,1,0,16.8,1,1.5,0.5,0,0,0,0,08012H
1022,1,0.114335,0.045188,0,0,7,1,0,0.42,1,1.5,0.5,0,0,0,0,08013N
1023,1,0,0,0,0,8,1,0,16.8,1,1.5,0.5,0,0,0,0,08013H
1024,1,0.155604,0.061499,0,0,7,1,0,0.42,1,1.5,0.5,0,0,0,0,08019N
1025,1,0,0,0,0,8,1,0,16.8,1,1.5,0.5,0,0,0,0,08019H
1026,1,0.052094,0.020589,0,0,7,1,0,0.42,1,1.5,0.5,0,0,0,0,08009N
1027,1,0,0,0,0,8,1,0,16.8,1,1.5,0.5,0,0,0,0,08009H
1028,1,0.03315,0.013102,0,0,7,1,0,0.42,1,1.5,0.5,0,0,0,0,08008N
1029,1,0,0,0,0,8,1,0,16.8,1,1.5,0.5,0,0,0,0,08008H
1030,1,0.00203,0.000802,0,0,7,1,0,0.42,1,1.5,0.5,0,0,0,0,08005N
1031,1,0,0,0,0,8,1,0,16.8,1,1.5,0.5,0,0,0,0,08005H
1032,1,0.079155,0.031284,0,0,7,1,0,0.42,1,1.5,0.5,0,0,0,0,08012N
1033,1,0.01759,0.006952,0,0,7,1,0,0.42,1,1.5,0.5,0,0,0,0,08014N
1034,1,0,0,0,0,8,1,0,16.8,1,1.5,0.5,0,0,0,0,08014H
1035,1,0.074419,0.029412,0,0,7,1,0,0.42,1,1.5,0.5,0,0,0,0,01012N
1036,1,0,0,0,0,6,1,0,16.8,1,1.5,0.5,0,0,0,0,01012H
1037,1,0.011501,0.004546,0,0,7,1,0,0.42,1,1.5,0.5,0,0,0,0,01050N
1038,1,0,0,0,0,6,1,0,16.8,1,1.5,0.5,0,0,0,0,01050H
1039,1,0.073743,0.029145,0,0,7,1,0,0.42,1,1.5,0.5,0,0,0,0,01017N
1040,1,0,0,0,0,6,1,0,16.8,1,1.5,0.5,0,0,0,0,01017H
1041,1,0.05277,0.020856,0,0,7,1,0,0.42,1,1.5,0.5,0,0,0,0,01045N
1042,1,0,0,0,0,6,1,0,16.8,1,1.5,0.5,0,0,0,0,01045H
1043,1,0.104864,0.041445,0,0,7,1,0,0.42,1,1.5,0.5,0,0,0,0,01028N-1
1044,1,0,0,0,0,6,1,0,16.8,1,1.5,0.5,0,0,0,0,01028H
1045,1,0.28,0.110663,0,0,7,1,0,0.42,1,1.5,0.5,0,0,0,0,01063N
1046,1,0,0,0,0,6,1,0,16.8,1,1.5,0.5,0,0,0,0,01063H
1047,1,0,0,0,0,3,1,0,16.8,1,1.5,0.5,0,0,0,0,09093H-31
1048,1,2.376,0.939055,0,0,3,1,0,16.8,1,1.5,0.5,0,0,0,0,09093H-11
1049,1,0,0,0,0,3,1,0,16.8,1,1.5,0.5,0,0,0,0,09093H-12
1050,1,0,0,0,0,3,1,0,16.8,1,1.5,0.5,0,0,0,0,09093H-1
1051,1,0,0,0,0,3,1,0,16.8,1,1.5,0.5,0,0,0,0,09093H-32
1052,1,0,0,0,0,3,1,0,16.8,1,1.5,0.5,0,0,0,0,09093H-3
1053,1,0,0,0,0,1,1,0,16.8,1,1.5,0.5,0,0,0,0,00300H-12
1054,1,0,0,0,0,1,1,0,16.8,1,1.5,0.5,0,0,0,0,00300H-15
1055,1,0,0,0,0,1,1,0,16.8,1,1.5,0.5,0,0,0,0,K1521
1056,1,0,0,0,0,1,1,0,16.8,1,1.5,0.5,0,0,0,0,K1518
1057,1,0,0,0,0,1,1,0,16.8,1,1.5,0.5,0,0,0,0,K1517
1058,1,0,0,0,0,1,1,0,16.8,1,1.5,0.5,0,0,0,0,K1513
1059,1,0.062918,0.024867,0,0,7,1,0,0.42,1,1.5,0.5,0,0,0,0,04003N
1060,1,0.005412,0.002139,0,0,7,1,0,0.42,1,1.5,0.5,0,0,0,0,04010N
1061,1,0.016913,0.006685,0,0,7,1,0,0.42,1,1.5,0.5,0,0,0,0,04006N
1062,1,0.008795,0.003476,0,0,7,1,0,0.42,1,1.5,0.5,0,0,0,0,03012N
1063,1,0.012854,0.00508,0,0,7,1,0,0.42,1,1.5,0.5,0,0,0,0,04016N
1064,1,0.010825,0.004278,0,0,7,1,0,0.42,1,1.5,0.5,0,0,0,0,04015N
1065,1,0.191461,0.07567,0,0,7,1,0,0.42,1,1.5,0.5,0,0,0,0,03011N
1066,1,0.167105,0.066044,0,0,7,1,0,0.42,1,1.5,0.5,0,0,0,0,03013N
1067,1,0.000677,0.000267,0,0,7,1,0,0.42,1,1.5,0.5,0,0,0,0,03015N
1068,1,0,0,0,0,4,1,0,16.8,1,1.5,0.5,0,0,0,0,03002H
1069,1,0.039239,0.015508,0,0,7,1,0,0.42,1,1.5,0.5,0,0,0,0,03007N
1070,1,0.028415,0.01123,0,0,7,1,0,0.42,1,1.5,0.5,0,0,0,0,03008N
1071,1,0.043298,0.017113,0,0,7,1,0,0.42,1,1.5,0.5,0,0,0,0,03009N
1072,1,0,0,0,0,4,1,0,16.8,1,1.5,0.5,0,0,0,0,07017H
1073,1,0,0,0,0,4,1,0,16.8,1,1.5,0.5,0,0,0,0,07018H
1074,1,0,0,0,0,4,1,0,16.8,1,1.5,0.5,0,0,0,0,07004H
1075,1,0,0,0,0,4,1,0,16.8,1,1.5,0.5,0,0,0,0,K473
1076,1,0,0,0,0,8,1,0,16.8,1,1.5,0.5,0,0,0,0,00460H-380
1077,1,0,0,0,0,1,1,0,16.8,1,1.5,0.5,0,0,0,0,00460H-371
1078,1,0,0,0,0,2,1,0,16.8,1,1.5,0.5,0,0,0,0,00265H
1079,1,0,0,0,0,6,1,0,16.8,1,1.5,0.5,0,0,0,0,K3792
1080,1,0,0,0,0,8,1,0,16.8,1,1.5,0.5,0,0,0,0,09067H2
1081,1,0,0,0,0,4,1,0,16.8,1,1.5,0.5,0,0,0,0,K2547
1082,1,0,0,0,0,6,1,0,16.8,1,1.5,0.5,0,0,0,0,01058H
1083,1,0.90735,0.358607,0,0,3,1,0,16.8,1,1.5,0.5,0,0,0,0,00210H-2
1084,1,0,0,0,0,6,1,0,16.8,1,1.5,0.5,0,0,0,0,K2555
1085,1,0,0,0,0,6,1,0,16.8,1,1.5,0.5,0,0,0,0,01067H
1086,1,0,0,0,0,6,1,0,16.8,1,1.5,0.5,0,0,0,0,K2580
1087,1,0,0,0,0,8,1,0,16.8,1,1.5,0.5,0,0,0,0,K2557
1088,1,0,0,0,0,8,1,0,16.8,1,1.5,0.5,0,0,0,0,K2556
1089,1,0.150402,0.059443,0,0,7,1,0,0.42,1,1.5,0.5,0,0,0,0,00221N-2
1090,1,0,0,0,0,6,1,0,16.8,1,1.5,0.5,0,0,0,0,01021H-1
1091,1,0,0,0,0,2,1,0,16.8,1,1.5,0.5,0,0,0,0,00390H-1
1092,1,0.121777,0.048129,0,0,7,1,0,0.42,1,1.5,0.5,0,0,0,0,07029N
1093,1,0.161016,0.063638,0,0,7,1,0,0.42,1,1.5,0.5,0,0,0,0,00280N-1
1094,1,0,0,0,0,2,1,0,16.8,1,1.5,0.5,0,0,0,0,K1010
1095,1,0,0,0,0,2,1,0,16.8,1,1.5,0.5,0,0,0,0,K1009
1096,1,0,0,0,0,3,1,0,16.8,1,1.5,0.5,0,0,0,0,00098H-5
1097,1,0,0,0,0,6,1,0,16.8,1,1.5,0.5,0,0,0,0,01070H
1098,1,0.1,0.039523,0,0,7,1,0,0.42,1,1.5,0.5,0,0,0,0,01070N
1099,1,0.33827,0.133693,0,0,7,1,0,0.42,1,1.5,0.5,0,0,0,0,01032N-2
1100,1,0,0,0.00104473,0.277016,8,1,0,16.8,1,1.5,0.5,0,0,0,0,00460H-60
1101,1,0,0,0,0,1,1,0,16.8,1,1.5,0.5,0,0,0,0,00460H-202
1102,1,0,0,0,0,1,1,0,16.8,1,1.5,0.5,0,0,0,0,00460H.212
1103,1,0,0,0,0,2,1,0,16.8,1,1.5,0.5,0,0,0,0,00300H-140
1104,1,0,0,0,0,7,1,0,0.42,1,1.5,0.5,0,0,0,0,01001N-2
1105,1,0,0,0,0,4,1,0,16.8,1,1.5,0.5,0,0,0,0,07014H-1
1106,1,0.138,0.054541,0,0,3,1,0,16.8,1,1.5,0.5,0,0,0,0,03098H-1
1107,1,0.173871,0.068718,0,0,7,1,0,0.42,1,1.5,0.5,0,0,0,0,08016N
1108,1,0,0,0,0,8,1,0,16.8,1,1.5,0.5,0,0,0,0,08016H
1109,1,0.006089,0.002406,0,0,7,1,0,0.42,1,1.5,0.5,0,0,0,0,08018N
1110,1,0,0,0,0,8,1,0,16.8,1,1.5,0.5,0,0,0,0,08018H
1111,1,0.122454,0.048397,0,0,7,1,0,0.42,1,1.5,0.5,0,0,0,0,08011N
1112,1,0,0,0,0,8,1,0,16.8,1,1.5,0.5,0,0,0,0,08011H
1113,1,0.055476,0.021926,0,0,7,1,0,0.42,1,1.5,0.5,0,0,0,0,08023N
1114,1,0,0,0,0,8,1,0,16.8,1,1.5,0.5,0,0,0,0,08023H
1115,1,0.014207,0.005615,0,0,7,1,0,0.42,1,1.5,0.5,0,0,0,0,08017N
1116,1,0,0,0,0,8,1,0,16.8,1,1.5,0.5,0,0,0,0,08017H
1117,1,0.10554,0.041712,0,0,7,1,0,0.42,1,1.5,0.5,0,0,0,0,08022N
1118,1,0,0,0,0,8,1,0,16.8,1,1.5,0.5,0,0,0,0,08022H
1119,1,0.006089,0.002406,0,0,7,1,0,0.42,1,1.5,0.5,0,0,0,0,08007N
1120,1,0,0,0,0,8,1,0,16.8,1,1.5,0.5,0,0,0,0,08007H
1121,1,0.33827,0.133693,0,0,7,1,0,0.42,1,1.5,0.5,0,0,0,0,01055N
1122,1,0,0,0,0,6,1,0,16.8,1,1.5,0.5,0,0,0,0,01055H
1123,1,0.049387,0.019519,0,0,7,1,0,0.42,1,1.5,0.5,0,0,0,0,01013N
1124,1,0,0,0,0,6,1,0,16.8,1,1.5,0.5,0,0,0,0,01013H
1125,1,0.138691,0.054814,0,0,7,1,0,0.42,1,1.5,0.5,0,0,0,0,01044N-2
1126,1,0.14275,0.056418,0,0,7,1,0,0.42,1,1.5,0.5,0,0,0,0,01044N-1
1127,1,0,0,0,0,6,1,0,16.8,1,1.5,0.5,0,0,0,0,01044H
1128,1,0.073066,0.028878,0,0,7,1,0,0.42,1,1.5,0.5,0,0,0,0,01038N-2
1129,1,0.075096,0.02968,0,0,7,1,0,0.42,1,1.5,0.5,0,0,0,0,01038N-1
1130,1,0,0,0,0,6,1,0,16.8,1,1.5,0.5,0,0,0,0,01038H-1
1131,1,0,0,0,0,1,1,0,16.8,1,1.5,0.5,0,0,0,0,09053H
1132,1,0,0,0,0,7,1,0,0.42,1,1.5,0.5,0,0,0,0,09074N-2
1133,1,0.202285,0.079948,0,0,7,1,0,0.42,1,1.5,0.5,0,0,0,0,09074N-1
1134,1,0,0,0,0,1,1,0,16.8,1,1.5,0.5,0,0,0,0,09074H
1135,1,0.104864,0.041445,0,0,7,1,0,0.42,1,1.5,0.5,0,0,0,0,09086N-2
1136,1,0.104864,0.041445,0,0,7,1,0,0.42,1,1.5,0.5,0,0,0,0,09086N-1
1137,1,0,0,0,0,1,1,0,16.8,1,1.5,0.5,0,0,0,0,09086H
1138,1,0.215816,0.085296,0,0,7,1,0,0.42,1,1.5,0.5,0,0,0,0,09050N-1
1139,1,0.261144,0.103211,0,0,7,1,0,0.42,1,1.5,0.5,0,0,0,0,09020N-2
1140,1,0.260468,0.102943,0,0,7,1,0,0.42,1,1.5,0.5,0,0,0,0,09020N-1
1141,1,0,0,0,0,1,1,0,16.8,1,1.5,0.5,0,0,0,0,09020H
1142,1,0,0,0,0,2,1,0,16.8,1,1.5,0.5,0,0,0,0,00410H-2
1143,1,0,0,0,0,2,1,0,16.8,1,1.5,0.5,0,0,0,0,00400H-2
1144,1,0,0,0,0,2,1,0,16.8,1,1.5,0.5,0,0,0,0,00400H-1
1145,1,0,0,0,0,2,1,0,16.8,1,1.5,0.5,0,0,0,0,00220H-2A
1146,1,0,0,0,0,2,1,0,16.8,1,1.5,0.5,0,0,0,0,00220H-1A
1147,1,0,0,0,0,1,1,0,16.8,1,1.5,0.5,0,0,0,0,00220H-2B
1148,1,0,0,0,0,2,1,0,16.8,1,1.5,0.5,0,0,0,0,00220H-1B
1149,1,0,0,0,0,2,1,0,16.8,1,1.5,0.5,0,0,0,0,00300H-13
1150,1,0.149515,0.059092,0,0,7,1,0,0.42,1,1.5,0.5,0,0,0,0,04002N-2
1151,1,0.149515,0.059092,0,0,7,1,0,0.42,1,1.5,0.5,0,0,0,0,04002N-1
1152,1,0.112982,0.044653,0,0,7,1,0,0.42,1,1.5,0.5,0,0,0,0,04019N-2
1153,1,0.112982,0.044653,0,0,7,1,0,0.42,1,1.5,0.5,0,0,0,0,04019N-1
1154,1,0.051417,0.020321,0,0,7,1,0,0.42,1,1.5,0.5,0,0,0,0,04008N
1155,1,0.026385,0.010428,0,0,7,1,0,0.42,1,1.5,0.5,0,0,0,0,04011N-2
1156,1,0.026385,0.010428,0,0,7,1,0,0.42,1,1.5,0.5,0,0,0,0,04011N-1
1157,1,0.12516,0.049466,0,0,7,1,0,0.42,1,1.5,0.5,0,0,0,0,04005N
1158,1,0.186725,0.073798,0,0,7,1,0,0.42,1,1.5,0.5,0,0,0,0,04014N
1159,1,0.073066,0.028878,0,0,7,1,0,0.42,1,1.5,0.5,0,0,0,0,04013N
1160,1,0.118394,0.046792,0,0,7,1,0,0.42,1,1.5,0.5,0,0,0,0,04007N
1161,1,0.143426,0.056686,0,0,7,1,0,0.42,1,1.5,0.5,0,0,0,0,04020N
1162,1,0.194843,0.077007,0,0,7,1,0,0.42,1,1.5,0.5,0,0,0,0,04017N-2
1163,1,0.194843,0.077007,0,0,7,1,0,0.42,1,1.5,0.5,0,0,0,0,04017N-1
1164,1,0.05074,0.020054,0,0,7,1,0,0.42,1,1.5,0.5,0,0,0,0,03018N-2
1165,1,0.05074,0.020054,0,0,7,1,0,0.42,1,1.5,0.5,0,0,0,0,03018N-1
1166,1,0,0,0,0,2,1,0,16.8,1,1.5,0.5,0,0,0,0,00010.210
1167,1,0,0,0,0,2,1,0,16.8,1,1.5,0.5,0,0,0,0,00010.211
1168,1,0,0,0,0,4,1,0,16.8,1,1.5,0.5,0,0,0,0,07011H
1169,1,0.15831,0.062568,0,0,7,1,0,0.42,1,1.5,0.5,0,0,0,0,07011N
1170,1,0,0,0,0,4,1,0,16.8,1,1.5,0.5,0,0,0,0,07012H-1
1171,1,0.161016,0.063638,0,0,7,1,0,0.42,1,1.5,0.5,0,0,0,0,07012N-1
1172,1,0.159663,0.063103,0,0,7,1,0,0.42,1,1.5,0.5,0,0,0,0,07012N-2
1173,1,0,0,0,0,4,1,0,16.8,1,1.5,0.5,0,0,0,0,07013H
1174,1,0.291588,0.115243,0,0,7,1,0,0.42,1,1.5,0.5,0,0,0,0,07013N-1
1175,1,0.294294,0.116313,0,0,7,1,0,0.42,1,1.5,0.5,0,0,0,0,07013N-2
1176,1,0,0,0,0,4,1,0,16.8,1,1.5,0.5,0,0,0,0,07014H
1177,1,0.12313,0.048664,0,0,7,1,0,0.42,1,1.5,0.5,0,0,0,0,07018N-1
1178,1,0.225964,0.089307,0,0,7,1,0,0.42,1,1.5,0.5,0,0,0,0,07017N-2
1179,1,0,0,0,0,4,1,0,16.8,1,1.5,0.5,0,0,0,0,07019H
1180,1,0.026385,0.010428,0,0,7,1,0,0.42,1,1.5,0.5,0,0,0,0,07019N
1181,1,0.113659,0.044921,0,0,7,1,0,0.42,1,1.5,0.5,0,0,0,0,07014N-1
1182,1,0,0,0,0,4,1,0,16.8,1,1.5,0.5,0,0,0,0,07016H
1183,1,0.061565,0.024332,0,0,7,1,0,0.42,1,1.5,0.5,0,0,0,0,07016N
1184,1,0,0,0,0,1,1,0,16.8,1,1.5,0.5,0,0,0,0,00460H-310
1185,1,0,0,0,0,1,1,0,16.8,1,1.5,0.5,0,0,0,0,K1506
1186,1,0,0,0,0,1,1,0,16.8,1,1.5,0.5,0,0,0,0,04009H
1187,1,0,0,0,0,2,1,0,16.8,1,1.5,0.5,0,0,0,0,00125h
1188,1,0,0,0,0,8,1,0,16.8,1,1.5,0.5,0,0,0,0,K3993
1189,1,0,0,0,0,3,1,0,16.8,1,1.5,0.5,0,0,0,0,01049H-T1
1190,1,0,0,0,0,1,1,0,16.8,1,1.5,0.5,0,0,0,0,K3996
1191,1,0,0,0,0,8,1,0,16.8,1,1.5,0.5,0,0,0,0,K1001
1192,1,0.239972,0.0948432,0,0,7,1,0,0.42,1,1.5,0.5,0,0,0,0,00120N
1193,1,0.006693,0.002851,0,0,7,1,0,0.42,1,1.5,0.5,0,0,0,0,01068N.1
1194,1,0,0,0,0,5,1,0,16.8,1,1.5,0.5,0,0,0,0,01068H-SS1
1195,1,0,0,0,0,6,1,0,16.8,1,1.5,0.5,0,0,0,0,K754
1196,1,0,0,0,0,8,1,0,16.8,1,1.5,0.5,0,0,0,0,K2559
1197,1,0,0,0,0,8,1,0,16.8,1,1.5,0.5,0,0,0,0,K2558
1198,1,0.018267,0.007219,0,0,7,1,0,0.42,1,1.5,0.5,0,0,0,0,05032N
1199,1,0.115012,0.045456,0,0,7,1,0,0.42,1,1.5,0.5,0,0,0,0,00305N
1200,1,0.154242,0.0609603,0,0,7,1,0,0.42,1,1.5,0.5,0,0,0,0,00221N-1
1201,1,0,0,0,0,6,1,0,16.8,1,1.5,0.5,0,0,0,0,01057H-215
1202,1,0,0,0,0,4,1,0,16.8,1,1.5,0.5,0,0,0,0,N..1813625
1203,1,0,0,0,0,2,1,0,16.8,1,1.5,0.5,0,0,0,0,M-101
1204,1,0,0,0,0,2,1,0,16.8,1,1.5,0.5,0,0,0,0,00425N-1
1205,1,0.240171,0.094922,0,0,7,1,0,0.42,1,1.5,0.5,0,0,0,0,09075N-2
1206,1,0,0,0,0,7,1,0,0.42,1,1.5,0.5,0,0,0,0,01071N-2
1207,1,0,0,0,0,7,1,0,0.42,1,1.5,0.5,0,0,0,0,01071N-1
1208,1,0,0,0,0,6,1,0,16.8,1,1.5,0.5,0,0,0,0,01039H-1
1209,1,0,0,0,0,8,1,0,16.8,1,1.5,0.5,0,0,0,0,00460H-191
1210,1,0,0,0,0,8,1,0,16.8,1,1.5,0.5,0,0,0,0,00460H-221
1211,1,0,0,0,0,1,1,0,16.8,1,1.5,0.5,0,0,0,0,K555
1212,1,0.326092,0.12888,0,0,7,1,0,0.42,1,1.5,0.5,0,0,0,0,00350N-1
1213,1,0,0,0,0,1,1,0,16.8,1,1.5,0.5,0,0,0,0,00350H
1214,1,0,0,0,0,6,1,0,16.8,1,1.5,0.5,0,0,0,0,01059H
1215,1,0,0,0,0,8,1,0,16.8,1,1.5,0.5,0,0,0,0,K2515
1216,1,0,0,0,0,2,1,0,16.8,1,1.5,0.5,0,0,0,0,00162H
1217,1,0.075772,0.029947,0,0,7,1,0,0.42,1,1.5,0.5,0,0,0,0,09043N
1218,1,0,0,0,0,8,1,0,16.8,1,1.5,0.5,0,0,0,0,K3063
1219,1,0,0,0,0,8,1,0,16.8,1,1.5,0.5,0,0,0,0,K3019
1220,1,0,0,0,0,8,1,0,16.8,1,1.5,0.5,0,0,0,0,K3064
1221,1,0,0,0,0,8,1,0,16.8,1,1.5,0.5,0,0,0,0,K3016
1222,1,0,0,0,0,8,1,0,16.8,1,1.5,0.5,0,0,0,0,K3015
1223,1,0,0,0,0,8,1,0,16.8,1,1.5,0.5,0,0,0,0,K3065
1224,1,0,0,0,0,8,1,0,16.8,1,1.5,0.5,0,0,0,0,K3013
1225,1,0,0,0,0,8,1,0,16.8,1,1.5,0.5,0,0,0,0,K3066
1226,1,0,0,0,0,8,1,0,16.8,1,1.5,0.5,0,0,0,0,K3011
1227,1,0,0,0,0,8,1,0,16.8,1,1.5,0.5,0,0,0,0,K3009
1228,1,0,0,0,0,8,1,0,16.8,1,1.5,0.5,0,0,0,0,K3067
1229,1,0,0,0,0,8,1,0,16.8,1,1.5,0.5,0,0,0,0,K3005
1230,1,0.002706,0.00107,0,0,7,1,0,0.42,1,1.5,0.5,0,0,0,0,08015N
1231,1,0,0,0,0,8,1,0,16.8,1,1.5,0.5,0,0,0,0,08015H
1232,1,0.081185,0.032086,0,0,7,1,0,0.42,1,1.5,0.5,0,0,0,0,08021N
1233,1,0,0,0,0,8,1,0,16.8,1,1.5,0.5,0,0,0,0,08021H
1234,1,0,0,0,0,2,1,0,16.8,1,1.5,0.5,0,0,0,0,00010H-2B
1235,1,0,0,0,0,5,1,0,16.8,1,1.5,0.5,0,0,0,0,00010H-1B
1236,1,0.102834,0.040643,0,0,7,1,0,0.42,1,1.5,0.5,0,0,0,0,00295N
1237,1,0,0,0,0,5,1,0,16.8,1,1.5,0.5,0,0,0,0,00295H-2
1238,1,0.025708,0.010161,0,0,7,1,0,0.42,1,1.5,0.5,0,0,0,0,01021N
1239,1,0.018943,0.007487,0,0,7,1,0,0.42,1,1.5,0.5,0,0,0,0,01015N
1240,1,0,0,0,0,5,1,0,16.8,1,1.5,0.5,0,0,0,0,01015H
1241,1,0.058859,0.023263,0,0,7,1,0,0.42,1,1.5,0.5,0,0,0,0,01007N
1242,1,0.217846,0.086098,0,0,7,1,0,0.42,1,1.5,0.5,0,0,0,0,09045N-2
1243,1,0.216492,0.085563,0,0,7,1,0,0.42,1,1.5,0.5,0,0,0,0,09045N-1
1244,1,0,0,0,0,1,1,0,16.8,1,1.5,0.5,0,0,0,0,09045H
1245,1,0.209051,0.082622,0,0,7,1,0,0.42,1,1.5,0.5,0,0,0,0,09010N-1
1246,1,0,0,0,0,1,1,0,16.8,1,1.5,0.5,0,0,0,0,09010H
1247,1,0.091333,0.036097,0,0,7,1,0,0.42,1,1.5,0.5,0,0,0,0,09006N
1248,1,0,0,0,0,1,1,0,16.8,1,1.5,0.5,0,0,0,0,09006H
1249,1,0.173194,0.068451,0,0,7,1,0,0.42,1,1.5,0.5,0,0,0,0,09030N-2
1250,1,0.172517,0.068183,0,0,7,1,0,0.42,1,1.5,0.5,0,0,0,0,09030N-1
1251,1,0.069684,0.027541,0,0,7,1,0,0.42,1,1.5,0.5,0,0,0,0,09053N-2
1252,1,0.066301,0.026204,0,0,7,1,0,0.42,1,1.5,0.5,0,0,0,0,09053N-1
1253,1,0.516199,0.204015,0,0,7,1,0,0.42,1,1.5,0.5,0,0,0,0,00200N
1254,1,0,0,0,0,2,1,0,16.8,1,1.5,0.5,0,0,0,0,00200H-2A
1255,1,0,0,0,0,2,1,0,16.8,1,1.5,0.5,0,0,0,0,00200H-1A
1256,1,0.175,0.069164,0,0,3,1,0,16.8,1,1.5,0.5,0,0,0,0,00391H-3
1257,1,0.014884,0.005882,0,0,7,1,0,0.42,1,1.5,0.5,0,0,0,0,00156N
1258,1,0,0,0,0,2,1,0,16.8,1,1.5,0.5,0,0,0,0,00156H
1259,1,0,0,0,0,2,1,0,16.8,1,1.5,0.5,0,0,0,0,00003H
1260,1,0,0,0,0,2,1,0,16.8,1,1.5,0.5,0,0,0,0,00020H
1261,1,0,0,0,0,2,1,0,16.8,1,1.5,0.5,0,0,0,0,00009H
1262,1,0,0,0,0,1,1,0,16.8,1,1.5,0.5,0,0,0,0,K524
1263,1,0.01759,0.006952,0,0,7,1,0,0.42,1,1.5,0.5,0,0,0,0,04018N
1264,1,0.016913,0.006685,0,0,7,1,0,0.42,1,1.5,0.5,0,0,0,0,04001N
1265,1,-0.015264,0.001872,0,0,7,1,0,0.42,1,1.5,0.5,0,0,0,0,00012N
1266,1,0,0,0,0,1,1,0,16.8,1,1.5,0.5,0,0,0,0,04003H
1267,1,0,0,0,0,1,1,0,16.8,1,1.5,0.5,0,0,0,0,04004H
1268,1,0.221228,0.087435,0,0,7,1,0,0.42,1,1.5,0.5,0,0,0,0,07031N-2
1269,1,0,0,0,0,4,1,0,16.8,1,1.5,0.5,0,0,0,0,07032H
1270,1,0.047358,0.018717,0,0,7,1,0,0.42,1,1.5,0.5,0,0,0,0,07032N
1271,1,0.022326,0.008824,0,0,7,1,0,0.42,1,1.5,0.5,0,0,0,0,07033N
1272,1,0.00203,0.000802,0,0,7,1,0,0.42,1,1.5,0.5,0,0,0,0,07034N
1273,1,0,0,0,0,4,1,0,16.8,1,1.5,0.5,0,0,0,0,07034H
1274,1,0,0,0,0,4,1,0,16.8,1,1.5,0.5,0,0,0,0,07031H
1275,1,0.117718,0.046525,0,0,7,1,0,0.42,1,1.5,0.5,0,0,0,0,07004N
1276,1,0,0,0,0,4,1,0,16.8,1,1.5,0.5,0,0,0,0,07006H
1277,1,0.025032,0.009893,0,0,7,1,0,0.42,1,1.5,0.5,0,0,0,0,07006N
1278,1,0,0,0,0,4,1,0,16.8,1,1.5,0.5,0,0,0,0,07008H
1279,1,0.1759,0.06952,0,0,7,1,0,0.42,1,1.5,0.5,0,0,0,0,07008N-1
1280,1,0.1759,0.06952,0,0,7,1,0,0.42,1,1.5,0.5,0,0,0,0,07008N-2
1281,1,0.061565,0.024332,0,0,7,1,0,0.42,1,1.5,0.5,0,0,0,0,07010N
1282,1,0.034503,0.013637,0,0,7,1,0,0.42,1,1.5,0.5,0,0,0,0,04009N
1283,1,0,0,0,0,1,1,0,16.8,1,1.5,0.5,0,0,0,0,00450.H30
1284,1,0,0,0,0,1,1,0,16.8,1,1.5,0.5,0,0,0,0,09075H
1285,1,0,0,0,0,2,1,0,16.8,1,1.5,0.5,0,0,0,0,K2001
1286,1,0,0,0,0,3,1,0,16.8,1,1.5,0.5,0,0,0,0,01049H-T2
1287,1,0,0,0,0,3,1,0,16.8,1,1.5,0.5,0,0,0,0,09093H-4
1288,1,0,0,0,0,3,1,0,16.8,1,1.5,0.5,0,0,0,0,09093H-2
1289,1,0,0,0,0,8,1,0,16.8,1,1.5,0.5,0,0,0,0,K2562
1290,1,0,0,0,0,8,1,0,16.8,1,1.5,0.5,0,0,0,0,K2563
1291,1,0.157577,0.0622785,0,0,7,1,0,0.42,1,1.5,0.5,0,0,0,0,02006N
1292,1,0,0,0,0,6,1,0,16.8,1,1.5,0.5,0,0,0,0,02006H
1293,1,0,0,0,0,3,1,0,16.8,1,1.5,0.5,0,0,0,0,K7010
1294,3,0,0,0,0,3,1,0,50,1,1.1,0.9,0,0,0,0,01068HH.50kV
1295,1,0,0,0,0,6,1,0,16.8,1,1.5,0.5,0,0,0,0,01068H-SS2
1296,1,0,0,0,0,3,1,0,16.8,1,1.5,0.5,0,0,0,0,01068H2.T2
1297,1,0,0,0,0,6,1,0,16.8,1,1.5,0.5,0,0,0,0,K586
1298,1,0,0,0,0,8,1,0,16.8,1,1.5,0.5,0,0,0,0,K2561
1299,1,0,0,0,0,8,1,0,16.8,1,1.5,0.5,0,0,0,0,K2560
1300,1,0,0,0,0,1,1,0,16.8,1,1.5,0.5,0,0,0,0,09069.1H
1301,1,0,0,0,0,4,1,0,16.8,1,1.5,0.5,0,0,0,0,K753
1302,1,0,0,0,0,2,1,0,16.8,1,1.5,0.5,0,0,0,0,M-1340.1
1303,1,0.219199,0.086633,0,0,7,1,0,0.42,1,1.5,0.5,0,0,0,0,09003N-1
1304,1,0.192814,0.076205,0,0,7,1,0,0.42,1,1.5,0.5,0,0,0,0,00440N
1305,1,0,0,0,0,3,1,0,16.8,1,1.5,0.5,0,0,0,0,00098H-1.2
1306,1,0,0,0,0,3,1,0,16.8,1,1.5,0.5,0,0,0,0,00098H-1.3
1307,1,0,0,0,0,1,1,0,16.8,1,1.5,0.5,0,0,0,0,00460H-2A.1
1308,1,0,0,0,0,5,1,0,16.8,1,1.5,0.5,0,0,0,0,00010.61
1309,1,0,0,0,0,8,1,0,16.8,1,1.5,0.5,0,0,0,0,K3199
1310,1,0,0,0,0,8,1,0,16.8,1,1.5,0.5,0,0,0,0,K2752
1311,1,0,0,0,0,1,1,0,16.8,1,1.5,0.5,0,0,0,0,00315H
1312,1,0,0,0,0,4,1,0,16.8,1,1.5,0.5,0,0,0,0,K1
1313,1,0,0,0,0,4,1,0,16.8,1,1.5,0.5,0,0,0,0,K125
1314,1,0,0,0,0,4,1,0,16.8,1,1.5,0.5,0,0,0,0,K710
1315,1,0,0,0,0,4,1,0,16.8,1,1.5,0.5,0,0,0,0,K123
1316,1,0,0,0,0,4,1,0,16.8,1,1.5,0.5,0,0,0,0,K472
1317,1,0,0,0,0,2,1,0,16.8,1,1.5,0.5,0,0,0,0,00200H-20
1318,1,0,0,0,0,3,1,0,16.8,1,1.5,0.5,0,0,0,0,06099H-7
1319,1,0,0,0,0,8,1,0,16.8,1,1.5,0.5,0,0,0,0,K3062
1320,1,0,0,0,0,8,1,0,16.8,1,1.5,0.5,0,0,0,0,K3059
1321,1,0,0,0,0,8,1,0,16.8,1,1.5,0.5,0,0,0,0,K3071
1322,1,0,0,0,0,8,1,0,16.8,1,1.5,0.5,0,0,0,0,K3058
1323,1,0,0,0,0,8,1,0,16.8,1,1.5,0.5,0,0,0,0,K3032
1324,1,0,0,0,0,8,1,0,16.8,1,1.5,0.5,0,0,0,0,K3030
1325,1,0,0,0,0,8,1,0,16.8,1,1.5,0.5,0,0,0,0,K3028
1326,1,0,0,0,0,8,1,0,16.8,1,1.5,0.5,0,0,0,0,K3068
1327,1,0,0,0,0,8,1,0,16.8,1,1.5,0.5,0,0,0,0,K3026
1328,1,0,0,0,0,8,1,0,16.8,1,1.5,0.5,0,0,0,0,K3025
1329,1,0,0,0,0,8,1,0,16.8,1,1.5,0.5,0,0,0,0,K3021
1330,1,0,0,0,0,5,1,0,16.8,1,1.5,0.5,0,0,0,0,K3781
1331,1,0,0,0,0,5,1,0,16.8,1,1.5,0.5,0,0,0,0,00295H-1
1332,1,0,0,0,0,8,1,0,16.8,1,1.5,0.5,0,0,0,0,K2233
1333,1,0,0,0,0,6,1,0,16.8,1,1.5,0.5,0,0,0,0,K3505
1334,1,0,0,0,0,5,1,0,16.8,1,1.5,0.5,0,0,0,0,K3506
1335,1,0,0,0,0,2,1,0,16.8,1,1.5,0.5,0,0,0,0,K17788
1336,1,0.192814,0.076205,0,0,7,1,0,0.42,1,1.5,0.5,0,0,0,0,09028N-1
1337,1,0,0,0,0,8,1,0,16.8,1,1.5,0.5,0,0,0,0,09028H
1338,1,0.290235,0.114708,0,0,7,1,0,0.42,1,1.5,0.5,0,0,0,0,09052N-3
1339,1,0.333534,0.131821,0,0,7,1,0,0.42,1,1.5,0.5,0,0,0,0,09052N-2
1340,1,0.330151,0.130484,0,0,7,1,0,0.42,1,1.5,0.5,0,0,0,0,09052N-1
1341,1,0,0,0,0,8,1,0,16.8,1,1.5,0.5,0,0,0,0,09052H
1342,1,0,0,0,0,1,1,0,16.8,1,1.5,0.5,0,0,0,0,09030H
1343,1,0.145456,0.057488,0,0,7,1,0,0.42,1,1.5,0.5,0,0,0,0,09088N-1
1344,1,0,0,0,0,8,1,0,16.8,1,1.5,0.5,0,0,0,0,09088H
1345,1,0.061565,0.024332,0,0,7,1,0,0.42,1,1.5,0.5,0,0,0,0,09012N-2
1346,1,0.060212,0.023797,0,0,7,1,0,0.42,1,1.5,0.5,0,0,0,0,09012N-1
1347,1,0,0,0,0,1,1,0,16.8,1,1.5,0.5,0,0,0,0,09012H
1348,1,0.067654,0.026739,0,0,7,1,0,0.42,1,1.5,0.5,0,0,0,0,09047N-1
1349,1,0,0,0,0,1,1,0,16.8,1,1.5,0.5,0,0,0,0,09047H
1350,1,0.126513,0.050001,0,0,7,1,0,0.42,1,1.5,0.5,0,0,0,0,09045N-3
1351,1,0,0,0,0,5,1,0,16.8,1,1.5,0.5,0,0,0,0,00010.161
1352,1,0,0,0,0,2,1,0,16.8,1,1.5,0.5,0,0,0,0,00103H
1353,1,0,0,0,0,2,1,0,16.8,1,1.5,0.5,0,0,0,0,00102H
1354,1,0,0,0,0,2,1,0,16.8,1,1.5,0.5,0,0,0,0,00101H
1355,1,0,0,0,0,2,1,0,16.8,1,1.5,0.5,0,0,0,0,00010.192
1356,1,0,0,0,0,2,1,0,16.8,1,1.5,0.5,0,0,0,0,00010.182
1357,1,0,0,0,0,2,1,0,16.8,1,1.5,0.5,0,0,0,0,00010H-2A
1358,1,0,0,0,0,2,1,0,16.8,1,1.5,0.5,0,0,0,0,00021H
1359,1,0.243554,0.096259,0,0,7,1,0,0.42,1,1.5,0.5,0,0,0,0,00004N-2
1360,1,0.253026,0.100002,0,0,7,1,0,0.42,1,1.5,0.5,0,0,0,0,00004N-1
1361,1,0,0,0,0,2,1,0,16.8,1,1.5,0.5,0,0,0,0,00004H
1362,1,0.011501,0.004546,0,0,7,1,0,0.42,1,1.5,0.5,0,0,0,0,00003N-1
1363,1,0.08795,0.03476,0,0,7,1,0,0.42,1,1.5,0.5,0,0,0,0,00009N-1
1364,1,0.127866,0.050536,0,0,7,1,0,0.42,1,1.5,0.5,0,0,0,0,00020N-2
1365,1,0.127866,0.050536,0,0,7,1,0,0.42,1,1.5,0.5,0,0,0,0,00020N-1
1366,1,0.272645,0.107756,0,0,7,1,0,0.42,1,1.5,0.5,0,0,0,0,00001N-2
1367,1,0.274675,0.108558,0,0,7,1,0,0.42,1,1.5,0.5,0,0,0,0,00001N-1
1368,1,0.251673,0.099467,0,0,7,1,0,0.42,1,1.5,0.5,0,0,0,0,00013N-1
1369,1,0.226641,0.089574,0,0,7,1,0,0.42,1,1.5,0.5,0,0,0,0,00013N-2
1370,1,0.073743,0.029145,0,0,7,1,0,0.42,1,1.5,0.5,0,0,0,0,07022N
1371,1,0.03518,0.013904,0,0,7,1,0,0.42,1,1.5,0.5,0,0,0,0,07023N
1372,1,0,0,0,0,4,1,0,16.8,1,1.5,0.5,0,0,0,0,07023H
1373,1,0,0,0,0,4,1,0,16.8,1,1.5,0.5,0,0,0,0,07024H
1374,1,0.117718,0.046525,0,0,7,1,0,0.42,1,1.5,0.5,0,0,0,0,07024N-1
1375,1,0,0,0,0,4,1,0,16.8,1,1.5,0.5,0,0,0,0,07025H
1376,1,0.037886,0.014974,0,0,7,1,0,0.42,1,1.5,0.5,0,0,0,0,07025N
1377,1,0,0,0,0,4,1,0,16.8,1,1.5,0.5,0,0,0,0,07026H
1378,1,0.005412,0.002139,0,0,7,1,0,0.42,1,1.5,0.5,0,0,0,0,07026N
1379,1,0,0,0,0,4,1,0,16.8,1,1.5,0.5,0,0,0,0,07027H
1380,1,0.165076,0.065242,0,0,7,1,0,0.42,1,1.5,0.5,0,0,0,0,07027N-1
1381,1,0,0,0,0,4,1,0,16.8,1,1.5,0.5,0,0,0,0,07028H
1382,1,0,0,0,0,4,1,0,16.8,1,1.5,0.5,0,0,0,0,07030H
1383,1,0.093362,0.036899,0,0,7,1,0,0.42,1,1.5,0.5,0,0,0,0,07030N-1
1384,1,0.086597,0.034225,0,0,7,1,0,0.42,1,1.5,0.5,0,0,0,0,07030N-2
1385,1,0,0,0,0,8,1,0,16.8,1,1.5,0.5,0,0,0,0,00460H-230
1386,1,0.165076,0.065242,0,0,7,1,0,0.42,1,1.5,0.5,0,0,0,0,07027N-2
1387,1,0,0,0,0,4,1,0,16.8,1,1.5,0.5,0,0,0,0,05016H-1
1388,1,0,0,0,0,3,1,0,16.8,1,1.5,0.5,0,0,0,0,00460H1.T3
1389,1,0.25817,0.102035,0,0,7,1,0,0.42,1,1.5,0.5,0,0,0,0,00450N
1390,1,0,0,0,0,1,1,0,16.8,1,1.5,0.5,0,0,0,0,K2564
1391,1,0,0,0,0,1,1,0,16.8,1,1.5,0.5,0,0,0,0,K2565
1392,1,0,0,0,0,1,1,0,16.8,1,1.5,0.5,0,0,0,0,K2666
1393,1,0,0,0,0,6,1,0,16.8,1,1.5,0.5,0,0,0,0,01068H.180
1394,1,0,0,0,0,10,1,0,16.8,1,1.5,0.5,0,0,0,0,01068H3.T2
1395,1,0,0,0,0,3,1,0,16.8,1,1.5,0.5,0,0,0,0,00098H-8.1
1396,1,0.430955,0.170324,0,0,7,1,0,0.42,1,1.5,0.5,0,0,0,0,01047N-1
1397,1,0,0,0,0,1,1,0,16.8,1,1.5,0.5,0,0,0,0,00098H-20
1398,1,0,0,0,0,3,1,0,16.8,1,1.5,0.5,0,0,0,0,00098H.13
1399,1,0,0,0,0,3,1,0,16.8,1,1.5,0.5,0,0,0,0,00098H-1.4
1400,1,0,0,0,0,3,1,0,16.8,1,1.5,0.5,0,0,0,0,00098H-6.2
1401,1,0,0,0,0,1,1,0,16.8,1,1.5,0.5,0,0,0,0,00460H-270
1402,1,0,0,0,0,8,1,0,16.8,1,1.5,0.5,0,0,0,0,00460H-1B.1
1403,1,0,0,0,0,1,1,0,16.8,1,1.5,0.5,0,0,0,0,00460H-2B.1
1404,1,0,0,0,0,8,1,0,16.8,1,1.5,0.5,0,0,0,0,00460H-1A.1
1405,1,0,0,0,0,5,1,0,16.8,1,1.5,0.5,0,0,0,0,00010.60
1406,1,0.07239,0.02861,0,0,7,1,0,0.42,1,1.5,0.5,0,0,0,0,05046N
1407,1,0,0,0,0,4,1,0,16.8,1,1.5,0.5,0,0,0,0,05046H
1408,1,0,0,0,0,2,1,0,16.8,1,1.5,0.5,0,0,0,0,K1430
1409,1,0,0,0,0,2,1,0,16.8,1,1.5,0.5,0,0,0,0,K1428
1410,1,0,0,0,0,8,1,0,16.8,1,1.5,0.5,0,0,0,0,K2861
1411,1,0,0,0,0,5,1,0,16.8,1,1.5,0.5,0,0,0,0,01065H-1
1412,1,0,0,0,0,5,1,0,16.8,1,1.5,0.5,0,0,0,0,01065H
1413,1,0,0,0,0.909321,4,1,0,16.8,1,1.5,0.5,0,0,0,0,07008H-2
1414,1,0,0,0,0,1,1,0,16.8,1,1.5,0.5,0,0,0,0,K4019
1415,1,0,0,0,0,5,1,0,16.8,1,1.5,0.5,0,0,0,0,01061H
1416,1,0,0,0,0,8,1,0,16.8,1,1.5,0.5,0,0,0,0,K2544
1417,1,0,0,0,0,5,1,0,16.8,1,1.5,0.5,0,0,0,0,00295H-140
1418,1,0,0,0,0,5,1,0,16.8,1,1.5,0.5,0,0,0,0,00295H-110
1419,1,0,0,0,0,5,1,0,16.8,1,1.5,0.5,0,0,0,0,00010H-280
1420,1,0,0,0,0,5,1,0,16.8,1,1.5,0.5,0,0,0,0,00010H-240
1421,1,0,0,0,0,6,1,0,16.8,1,1.5,0.5,0,0,0,0,00010H-90
1422,1,0,0,0,0,5,1,0,16.8,1,1.5,0.5,0,0,0,0,00295H-40
1423,1,0,0,0,0,1,1,0,16.8,1,1.5,0.5,0,0,0,0,00460H-66
1424,1,0,0,0,0,1,1,0,16.8,1,1.5,0.5,0,0,0,0,00460H-360
1425,1,0,0,0,0,2,1,0,16.8,1,1.5,0.5,0,0,0,0,K1109
1426,1,0,0,0,0,2,1,0,16.8,1,1.5,0.5,0,0,0,0,00010H-220
1427,1,0,0,0,0,2,1,0,16.8,1,1.5,0.5,0,0,0,0,00400H-4
1428,1,0,0,0,0,2,1,0,16.8,1,1.5,0.5,0,0,0,0,00400H-3
1429,1,0,0,0,0,2,1,0,16.8,1,1.5,0.5,0,0,0,0,00100H-12
1430,1,0,0,0,0,6,1,0,16.8,1,1.5,0.5,0,0,0,0,K3520
1431,1,0,0,0,0,6,1,0,16.8,1,1.5,0.5,0,0,0,0,K3526
1432,1,0,0,0,0,5,1,0,16.8,1,1.5,0.5,0,0,0,0,K3538
1433,1,0,0,0,0,3,1,0,16.8,1,1.5,0.5,0,0,0,0,06099H-4
1434,1,0,0,0,0,5,1,0,16.8,1,1.5,0.5,0,0,0,0,06099H-3
1435,1,0,0,0,0,3,1,0,16.8,1,1.5,0.5,0,0,0,0,06098H-2
1436,1,0.175224,0.069253,0,0,7,1,0,0.42,1,1.5,0.5,0,0,0,0,09029N
1437,1,0,0,0,0,1,1,0,16.8,1,1.5,0.5,0,0,0,0,09029H
1438,1,0.19552,0.077274,0,0,7,1,0,0.42,1,1.5,0.5,0,0,0,0,09023N-2
1439,1,0.19552,0.077274,0,0,7,1,0,0.42,1,1.5,0.5,0,0,0,0,09023N-1
1440,1,0.291588,0.115243,0,0,7,1,0,0.42,1,1.5,0.5,0,0,0,0,09063N-2
1441,1,0.291588,0.115243,0,0,7,1,0,0.42,1,1.5,0.5,0,0,0,0,09063N-1
1442,1,0,0,0,0,8,1,0,16.8,1,1.5,0.5,0,0,0,0,09063H
1443,1,0,0,0,0,7,1,0,0.42,1,1.5,0.5,0,0,0,0,09083N-2
1444,1,0.229347,0.090644,0,0,7,1,0,0.42,1,1.5,0.5,0,0,0,0,09083N-1
1445,1,0,0,0,0,8,1,0,16.8,1,1.5,0.5,0,0,0,0,09083H
1446,1,0,0,0,0,8,1,0,16.8,1,1.5,0.5,0,0,0,0,09025H
1447,1,0,0,0,0,7,1,0,0.42,1,1.5,0.5,0,0,0,0,09087N-5
1448,1,0.455311,0.17995,0,0,7,1,0,0.42,1,1.5,0.5,0,0,0,0,09087N-3
1449,1,0.451252,0.178346,0,0,7,1,0,0.42,1,1.5,0.5,0,0,0,0,09087N-1
1450,1,0,0,0,0,8,1,0,16.8,1,1.5,0.5,0,0,0,0,09087H
1451,1,0.163722,0.064707,0,0,7,1,0,0.42,1,1.5,0.5,0,0,0,0,09018N-2
1452,1,0.16034,0.06337,0,0,7,1,0,0.42,1,1.5,0.5,0,0,0,0,09018N-1
1453,1,0,0,0,0,1,1,0,16.8,1,1.5,0.5,0,0,0,0,09018H-1
1454,1,0.380215,0.150271,0,0,7,1,0,0.42,1,1.5,0.5,0,0,0,0,09049N-2
1455,1,0.372096,0.147062,0,0,7,1,0,0.42,1,1.5,0.5,0,0,0,0,09049N-1
1456,1,0,0,0,0,1,1,0,16.8,1,1.5,0.5,0,0,0,0,09049H
1457,1,0.449898,0.177811,0,0,7,1,0,0.42,1,1.5,0.5,0,0,0,0,09069N
1458,1,0.022326,0.008824,0,0,7,1,0,0.42,1,1.5,0.5,0,0,0,0,00005N
1459,1,0,0,0,0,2,1,0,16.8,1,1.5,0.5,0,0,0,0,00005H
1460,1,0.025032,0.009893,0,0,7,1,0,0.42,1,1.5,0.5,0,0,0,0,00134N
1461,1,0,0,0,0,2,1,0,16.8,1,1.5,0.5,0,0,0,0,00134H
1462,1,0.011501,0.004546,0,0,7,1,0,0.42,1,1.5,0.5,0,0,0,0,00137N
1463,1,0,0,0,0,2,1,0,16.8,1,1.5,0.5,0,0,0,0,00137H
1464,1,0.184695,0.072996,0,0,7,1,0,0.42,1,1.5,0.5,0,0,0,0,00132N
1465,1,0,0,0,0,2,1,0,16.8,1,1.5,0.5,0,0,0,0,00132H
1466,1,0,0,0,0,2,1,0,16.8,1,1.5,0.5,0,0,0,0,00131H
1467,1,0.147486,0.05829,0,0,7,1,0,0.42,1,1.5,0.5,0,0,0,0,00023N
1468,1,0,0,0,0,2,1,0,16.8,1,1.5,0.5,0,0,0,0,00023H
1469,1,0.082538,0.032621,0,0,7,1,0,0.42,1,1.5,0.5,0,0,0,0,00002N-1
1470,1,0,0,0,0,2,1,0,16.8,1,1.5,0.5,0,0,0,0,00002H
1471,1,0.046681,0.01845,0,0,7,1,0,0.42,1,1.5,0.5,0,0,0,0,00021N-2
1472,1,0.044652,0.017647,0,0,7,1,0,0.42,1,1.5,0.5,0,0,0,0,00021N-1
1473,1,0,0,0,0,4,1,0,16.8,1,1.5,0.5,0,0,0,0,K162
1474,1,0,0,0,0,4,1,0,16.8,1,1.5,0.5,0,0,0,0,07002H
1475,1,0,0,0,0,4,1,0,16.8,1,1.5,0.5,0,0,0,0,07003H
1476,1,0.013531,0.005348,0,0,7,1,0,0.42,1,1.5,0.5,0,0,0,0,07003N
1477,1,0.275351,0.108826,0,0,7,1,0,0.42,1,1.5,0.5,0,0,0,0,07002N-2
1478,1,0.274675,0.108558,0,0,7,1,0,0.42,1,1.5,0.5,0,0,0,0,07002N-1
1479,1,0.225964,0.089307,0,0,7,1,0,0.42,1,1.5,0.5,0,0,0,0,07001N-1
1480,1,0.124483,0.049199,0,0,7,1,0,0.42,1,1.5,0.5,0,0,0,0,07018N-2
1481,1,0,0,0,0,4,1,0,16.8,1,1.5,0.5,0,0,0,0,07020H
1482,1,0.054123,0.021391,0,0,7,1,0,0.42,1,1.5,0.5,0,0,0,0,07020N
1483,1,0,0,0,0,4,1,0,16.8,1,1.5,0.5,0,0,0,0,07021H
1484,1,0.014207,0.005615,0,0,7,1,0,0.42,1,1.5,0.5,0,0,0,0,07021N
1485,1,0,0,0,0,1,1,0,16.8,1,1.5,0.5,0,0,0,0,00460H-110
1486,3,0,0,0,0,3,1,0,110,1,1.1,0.9,0,0,0,0,00010H-110kV
1487,1,0,0,0,0,3,1,0,16.8,1,1.5,0.5,0,0,0,0,00460H2.T3
1488,3,0,0,0,0,3,1,0,110,1,1.1,0.9,0,0,0,0,00460H-110kV
1489,1,0,0,0,0,8,1,0,16.8,1,1.5,0.5,0,0,0,0,09067H1
1490,1,0,0,0,0,6,1,0,16.8,1,1.5,0.5,0,0,0,0,01008H-2
1491,1,0,0,0,0,7,1,0,0.42,1,1.5,0.5,0,0,0,0,00450N-1
1492,1,0,0,0,0,5,1,0,16.8,1,1.5,0.5,0,0,0,0,09046H
1493,1,0,0,0,0,6,1,0,16.8,1,1.5,0.5,0,0,0,0,K3997
1494,1,0,0,0,0,3,1,0,16.8,1,1.5,0.5,0,0,0,0,04097
1495,1,0,0,0,0,6,1,0,16.8,1,1.5,0.5,0,0,0,0,01068H.121
1496,1,0,0,0,0,5,1,0,16.8,1,1.5,0.5,0,0,0,0,01068H.120
1497,1,0,0,0,0,6,1,0,16.8,1,1.5,0.5,0,0,0,0,01041H-1
1498,1,0.008795,0.003476,0,0,7,1,0,0.42,1,1.5,0.5,0,0,0,0,00100N-2
1499,1,0,0,0,0,4,1,0,16.8,1,1.5,0.5,0,0,0,0,05047H
1500,1,0,0,0,0,4,1,0,16.8,1,1.5,0.5,0,0,0,0,07029H-1
1501,1,0,0,0,0,8,1,0,16.8,1,1.5,0.5,0,0,0,0,N..1785663
1502,1,0,0,0,0,8,1,0,16.8,1,1.5,0.5,0,0,0,0,09103H
1503,1,0.290235,0.114708,0,0,7,1,0,0.42,1,1.5,0.5,0,0,0,0,09008N
1504,1,0.171164,0.067648,0,0,7,1,0,0.42,1,1.5,0.5,0,0,0,0,00420N
1505,1,0,0,0,0,2,1,0,16.8,1,1.5,0.5,0,0,0,0,00420H
1506,1,0,0,0,0,8,1,0,16.8,1,1.5,0.5,0,0,0,0,09014H
1507,1,0.331504,0.131019,0,0,7,1,0,0.42,1,1.5,0.5,0,0,0,0,00350N-2
1508,1,0.048034,0.018984,0,0,7,1,0,0.42,1,1.5,0.5,0,0,0,0,00310N
1509,1,0,0,0,0,5,1,0,16.8,1,1.5,0.5,0,0,0,0,01037H-2
1510,1,0,0,0,0,5,1,0,16.8,1,1.5,0.5,0,0,0,0,09050H-11
1511,1,0,0,0,0,1,1,0,16.8,1,1.5,0.5,0,0,0,0,09050H
1512,1,0,0,0,0,5,1,0,16.8,1,1.5,0.5,0,0,0,0,09050H-6
1513,1,0,0,0,0,8,1,0,16.8,1,1.5,0.5,0,0,0,0,K2504
1514,1,0,0,0,0,1,1,0,16.8,1,1.5,0.5,0,0,0,0,00460H-50
1515,1,0,0,0,0,5,1,0,16.8,1,1.5,0.5,0,0,0,0,09095H-90
1516,1,0,0,0,0,5,1,0,16.8,1,1.5,0.5,0,0,0,0,00295H-20
1517,1,0,0,0,0,5,1,0,16.8,1,1.5,0.5,0,0,0,0,00295H-30
1518,1,0,0,0,0,5,1,0,16.8,1,1.5,0.5,0,0,0,0,00010H-160
1519,1,0,0,0,0,5,1,0,16.8,1,1.5,0.5,0,0,0,0,K3780
1520,1,0,0,0,0,5,1,0,16.8,1,1.5,0.5,0,0,0,0,K3548
1521,1,0,0,0,0,5,1,0,16.8,1,1.5,0.5,0,0,0,0,K3790
1522,1,0,0,0,0,5,1,0,16.8,1,1.5,0.5,0,0,0,0,K3515
1523,1,0,0,0,0,5,1,0,16.8,1,1.5,0.5,0,0,0,0,K3514
1524,1,0.267233,0.105617,0,0,7,1,0,0.42,1,1.5,0.5,0,0,0,0,09015N-1
1525,1,0,0,0,0,8,1,0,16.8,1,1.5,0.5,0,0,0,0,09015H-3
1526,1,0.165076,0.065242,0,0,7,1,0,0.42,1,1.5,0.5,0,0,0,0,09004N-1
1527,1,0.418778,0.165512,0,0,7,1,0,0.42,1,1.5,0.5,0,0,0,0,09042N-2
1528,1,0.403894,0.159629,0,0,7,1,0,0.42,1,1.5,0.5,0,0,0,0,09042N-1
1529,1,0,0,0,0,8,1,0,16.8,1,1.5,0.5,0,0,0,0,09042H-3
1530,1,0.200256,0.079146,0,0,7,1,0,0.42,1,1.5,0.5,0,0,0,0,09078N-3
1531,1,0,0,0,0,7,1,0,0.42,1,1.5,0.5,0,0,0,0,09078N-2
1532,1,0.200256,0.079146,0,0,7,1,0,0.42,1,1.5,0.5,0,0,0,0,09078N-1
1533,1,0,0,0,0,8,1,0,16.8,1,1.5,0.5,0,0,0,0,09078H
1534,1,0,0,0,0,8,1,0,16.8,1,1.5,0.5,0,0,0,0,09095H
1535,1,0.395775,0.15642,0,0,7,1,0,0.42,1,1.5,0.5,0,0,0,0,09092N-2
1536,1,0,0,0,0,7,1,0,0.42,1,1.5,0.5,0,0,0,0,09092N-1
1537,1,0,0,0,0,8,1,0,16.8,1,1.5,0.5,0,0,0,0,09092H
1538,1,0,0,0,0,8,1,0,16.8,1,1.5,0.5,0,0,0,0,09032H-3
1539,1,0.186725,0.073798,0,0,7,1,0,0.42,1,1.5,0.5,0,0,0,0,09084N-2
1540,1,0.150192,0.05936,0,0,7,1,0,0.42,1,1.5,0.5,0,0,0,0,09084N-1
1541,1,0,0,0,0,8,1,0,16.8,1,1.5,0.5,0,0,0,0,09084H
1542,1,0,0,0,0,7,1,0,0.42,1,1.5,0.5,0,0,0,0,09055N-1
1543,1,0.510787,0.201876,0,0,7,1,0,0.42,1,1.5,0.5,0,0,0,0,09055N-2
1544,1,0.510787,0.201876,0,0,7,1,0,0.42,1,1.5,0.5,0,0,0,0,09055N-3
1545,1,0,0,0,0,8,1,0,16.8,1,1.5,0.5,0,0,0,0,09055H
1546,1,0.347065,0.137169,0,0,7,1,0,0.42,1,1.5,0.5,0,0,0,0,09025N-2
1547,1,0.336916,0.133158,0,0,7,1,0,0.42,1,1.5,0.5,0,0,0,0,09025N-1
1548,1,0,0,0,0,2,1,0,16.8,1,1.5,0.5,0,0,0,0,00110H
1549,1,0.167782,0.066312,0,0,7,1,0,0.42,1,1.5,0.5,0,0,0,0,00142N
1550,1,0,0,0,0,2,1,0,16.8,1,1.5,0.5,0,0,0,0,00142H
1551,1,0.006089,0.002406,0,0,7,1,0,0.42,1,1.5,0.5,0,0,0,0,00136N
1552,1,0,0,0,0,2,1,0,16.8,1,1.5,0.5,0,0,0,0,00136H
1553,1,0.146809,0.058023,0,0,7,1,0,0.42,1,1.5,0.5,0,0,0,0,00190N
1554,1,0,0,0,0,2,1,0,16.8,1,1.5,0.5,0,0,0,0,00190H
1555,1,0.102157,0.040375,0,0,7,1,0,0.42,1,1.5,0.5,0,0,0,0,00148N
1556,1,0,0,0,0,2,1,0,16.8,1,1.5,0.5,0,0,0,0,00148H-1
1557,1,0,0,0,0,2,1,0,16.8,1,1.5,0.5,0,0,0,0,00148H
1558,1,0.021649,0.008556,0,0,7,1,0,0.42,1,1.5,0.5,0,0,0,0,00133N
1559,1,0,0,0,0,2,1,0,16.8,1,1.5,0.5,0,0,0,0,00133H
1560,1,0,0,0,0,2,1,0,16.8,1,1.5,0.5,0,0,0,0,00120H
1561,1,0,0,0,0,4,1,0,16.8,1,1.5,0.5,0,0,0,0,07047H
1562,1,0,0,0,0,4,1,0,16.8,1,1.5,0.5,0,0,0,0,K193
1563,1,0,0,0,0,4,1,0,16.8,1,1.5,0.5,0,0,0,0,K192
1564,1,0,0,0,0,4,1,0,16.8,1,1.5,0.5,0,0,0,0,K188
1565,1,0,0,0,0,4,1,0,16.8,1,1.5,0.5,0,0,0,0,K187
1566,1,0,0,0,0,4,1,0,16.8,1,1.5,0.5,0,0,0,0,K186
1567,1,0,0,0,0,4,1,0,16.8,1,1.5,0.5,0,0,0,0,K184
1568,1,0,0,0,0,4,1,0,16.8,1,1.5,0.5,0,0,0,0,K183
1569,1,0,0,0,0,4,1,0,16.8,1,1.5,0.5,0,0,0,0,K181
1570,1,0,0,0,0,4,1,0,16.8,1,1.5,0.5,0,0,0,0,K179
1571,1,0,0,0,0,4,1,0,16.8,1,1.5,0.5,0,0,0,0,K178
1572,1,0.166429,0.065777,0,0,7,1,0,0.42,1,1.5,0.5,0,0,0,0,09004N-2
1573,1,0,0,0,0,8,1,0,16.8,1,1.5,0.5,0,0,0,0,00460H-90
1574,1,0,0,0,0,4,1,0,16.8,1,1.5,0.5,0,0,0,0,07005H
1575,1,0,0,0,0,3,1,0,16.8,1,1.5,0.5,0,0,0,0,00255H
1576,1,0,0,0,0,6,1,0,16.8,1,1.5,0.5,0,0,0,0,01049H
1577,1,0.190784,0.075403,0,0,7,1,0,0.42,1,1.5,0.5,0,0,0,0,01006N-2
1578,1,0.220552,0.087168,0,0,7,1,0,0.42,1,1.5,0.5,0,0,0,0,09021N-2
1579,1,0.218522,0.086365,0,0,7,1,0,0.42,1,1.5,0.5,0,0,0,0,09021N-1
1580,1,0,0,0,0,8,1,0,16.8,1,1.5,0.5,0,0,0,0,K2516
1581,1,0,0,0,0,8,1,0,16.8,1,1.5,0.5,0,0,0,0,09021H
1582,1,0,0,0,0,6,1,0,16.8,1,1.5,0.5,0,0,0,0,K3998
1583,1,0,0,0,0,6,1,0,16.8,1,1.5,0.5,0,0,0,0,01068H.141
1584,1,0,0,0,0,6,1,0,16.8,1,1.5,0.5,0,0,0,0,01068H.81
1585,1,0,0,0,0,2,1,0,16.8,1,1.5,0.5,0,0,0,0,00100H-2
1586,1,0,0,0,0,2,1,0,16.8,1,1.5,0.5,0,0,0,0,00025H
1587,1,0,0,0,0,6,1,0,16.8,1,1.5,0.5,0,0,0,0,01057H-190
1588,1,0,0,0,0,4,1,0,16.8,1,1.5,0.5,0,0,0,0,05039H
1589,1,0,0,0,0,6,1,0,16.8,1,1.5,0.5,0,0,0,0,01072H
1590,1,0,0,0,0,6,1,0,16.8,1,1.5,0.5,0,0,0,0,01040H2
1591,1,0,0,0,0,3,1,0,16.8,1,1.5,0.5,0,0,0,0,03097H-1
1592,1,0.014207,0.005615,0,0,7,1,0,0.42,1,1.5,0.5,0,0,0,0,05048N
1593,1,0,0,0,0,1,1,0,16.8,1,1.5,0.5,0,0,0,0,09070.1H
1594,1,0.161016,0.063638,0,0,7,1,0,0.42,1,1.5,0.5,0,0,0,0,00280N-2
1595,1,0,0,0,0,1,1,0,16.8,1,1.5,0.5,0,0,0,0,03001H
1596,1,0,0,0,0,3,1,0,16.8,1,1.5,0.5,0,0,0,0,00098H-7
1597,1,0,0,0,0,6,1,0,16.8,1,1.5,0.5,0,0,0,0,01069H
1598,1,0,0,0,0,7,1,0,0.42,1,1.5,0.5,0,0,0,0,08025N
1599,1,0,0,0,0,8,1,0,16.8,1,1.5,0.5,0,0,0,0,00460H-320
1600,1,0,0,0.00104473,0.277016,4,1,0,16.8,1,1.5,0.5,0,0,0,0,05016H-7
1601,1,0.00203,0.000802,0,0,7,1,0,0.42,1,1.5,0.5,0,0,0,0,05016N
1602,1,0,0,0,0,4,1,0,16.8,1,1.5,0.5,0,0,0,0,05016H-4
1603,1,0,0,0,0,2,1,0,16.8,1,1.5,0.5,0,0,0,0,K501
1604,1,0.057506,0.022728,0,0,7,1,0,0.42,1,1.5,0.5,0,0,0,0,01062N
1605,1,0,0,0,0,6,1,0,16.8,1,1.5,0.5,0,0,0,0,01062H
1606,1,0,0,0,0,4,1,0,16.8,1,1.5,0.5,0,0,0,0,K319
1607,1,0,0,0,0,8,1,0,16.8,1,1.5,0.5,0,0,0,0,K3333
1608,1,0,0,0,0,2,1,0,16.8,1,1.5,0.5,0,0,0,0,00013H
1609,1,0,0,0,0,4,1,0,16.8,1,1.5,0.5,0,0,0,0,K100
1610,1,0,0,0,0,8,1,0,16.8,1,1.5,0.5,0,0,0,0,K2699
1611,1,0.214463,0.084761,0,0,7,1,0,0.42,1,1.5,0.5,0,0,0,0,00300N-1
1612,1,0,0,0,0,2,1,0,16.8,1,1.5,0.5,0,0,0,0,K1543
1613,1,0,0,0,0,2,1,0,16.8,1,1.5,0.5,0,0,0,0,00010H-310
1614,1,0,0,0,0,2,1,0,16.8,1,1.5,0.5,0,0,0,0,K1546
1615,1,0,0,0,0,2,1,0,16.8,1,1.5,0.5,0,0,0,0,00200H-2
1616,1,0,0,0,0,2,1,0,16.8,1,1.5,0.5,0,0,0,0,00200H-4
1617,1,0,0,0,0,2,1,0,16.8,1,1.5,0.5,0,0,0,0,K1778
1618,1,0,0,0,0,2,1,0,16.8,1,1.5,0.5,0,0,0,0,K1777
1619,1,0,0,0,0,2,1,0,16.8,1,1.5,0.5,0,0,0,0,00010H-110
1620,1,0,0,0,0,8,1,0,16.8,1,1.5,0.5,0,0,0,0,K3073
1621,1,0,0,0,0,5,1,0,16.8,1,1.5,0.5,0,0,0,0,00010H-40
1622,1,0,0,0,0,5,1,0,16.8,1,1.5,0.5,0,0,0,0,06099H-12
1623,1,0,0,0,0,5,1,0,16.8,1,1.5,0.5,0,0,0,0,06099H-5
1624,1,0,0,0,0,5,1,0,16.8,1,1.5,0.5,0,0,0,0,01037H-3
1625,1,0,0,0,0,2,1,0,16.8,1,1.5,0.5,0,0,0,0,00010.111
1626,1,0,0,0,0,6,1,0,16.8,1,1.5,0.5,0,0,0,0,K3569
1627,1,0,0,0,0,6,1,0,16.8,1,1.5,0.5,0,0,0,0,K3567
1628,1,0,0,0,0,6,1,0,16.8,1,1.5,0.5,0,0,0,0,K3504
1629,1,0,0,0,0,6,1,0,16.8,1,1.5,0.5,0,0,0,0,K3501
1630,1,0,0,0,0,6,1,0,16.8,1,1.5,0.5,0,0,0,0,K3558
1631,1,0,0,0,0,6,1,0,16.8,1,1.5,0.5,0,0,0,0,01038H
1632,1,0,0,0,0,6,1,0,16.8,1,1.5,0.5,0,0,0,0,K3556
1633,1,0,0,0,0,5,1,0,16.8,1,1.5,0.5,0,0,0,0,K3550
1634,1,0.143426,0.056686,0,0,7,1,0,0.42,1,1.5,0.5,0,0,0,0,09085N
1635,1,0,0,0,0,8,1,0,16.8,1,1.5,0.5,0,0,0,0,09085H
1636,1,0.119071,0.04706,0,0,7,1,0,0.42,1,1.5,0.5,0,0,0,0,09056N-2
1637,1,0.078479,0.031017,0,0,7,1,0,0.42,1,1.5,0.5,0,0,0,0,09056N-1
1638,1,0,0,0,0,8,1,0,16.8,1,1.5,0.5,0,0,0,0,09056H
1639,1,0.139367,0.055081,0,0,7,1,0,0.42,1,1.5,0.5,0,0,0,0,09002N-1
1640,1,0,0,0,0,8,1,0,16.8,1,1.5,0.5,0,0,0,0,09002H
1641,1,0.095392,0.037701,0,0,7,1,0,0.42,1,1.5,0.5,0,0,0,0,09014N-2
1642,1,0.095392,0.037701,0,0,7,1,0,0.42,1,1.5,0.5,0,0,0,0,09014N-1
1643,1,0.171164,0.067648,0,0,7,1,0,0.42,1,1.5,0.5,0,0,0,0,09082N-2
1644,1,0.16034,0.06337,0,0,7,1,0,0.42,1,1.5,0.5,0,0,0,0,09082N-1
1645,1,0,0,0,0,8,1,0,16.8,1,1.5,0.5,0,0,0,0,09082H
1646,1,0.269263,0.106419,0,0,7,1,0,0.42,1,1.5,0.5,0,0,0,0,09015N-3
1647,1,0.131249,0.051873,0,0,7,1,0,0.42,1,1.5,0.5,0,0,0,0,09079N-1
1648,1,0,0,0,0,8,1,0,16.8,1,1.5,0.5,0,0,0,0,09079H
1649,1,0,0,0,0,7,1,0,0.42,1,1.5,0.5,0,0,0,0,09027N-3
1650,1,0.244907,0.096793,0,0,7,1,0,0.42,1,1.5,0.5,0,0,0,0,09027N-4
1651,1,0.3518,0.13904,0,0,7,1,0,0.42,1,1.5,0.5,0,0,0,0,09027N-2
1652,1,0.336916,0.133158,0,0,7,1,0,0.42,1,1.5,0.5,0,0,0,0,09027N-1
1653,1,0,0,0,0,8,1,0,16.8,1,1.5,0.5,0,0,0,0,09027H
1654,1,0.362625,0.143319,0,0,7,1,0,0.42,1,1.5,0.5,0,0,0,0,09037N-3
1655,1,0.362625,0.143319,0,0,7,1,0,0.42,1,1.5,0.5,0,0,0,0,09037N-2
1656,1,0.244907,0.096793,0,0,7,1,0,0.42,1,1.5,0.5,0,0,0,0,09037N-1
1657,1,0,0,0,0,8,1,0,16.8,1,1.5,0.5,0,0,0,0,09037H
1658,1,0,0,0,0,7,1,0,0.42,1,1.5,0.5,0,0,0,0,09062N-20
1659,1,0.317973,0.125671,0,0,7,1,0,0.42,1,1.5,0.5,0,0,0,0,09062N-2
1660,1,0.001353,0.000535,0,0,7,1,0,0.42,1,1.5,0.5,0,0,0,0,09095N
1661,1,0,0,0,0,2,1,0,16.8,1,1.5,0.5,0,0,0,0,00152H
1662,1,0.099451,0.039306,0,0,7,1,0,0.42,1,1.5,0.5,0,0,0,0,00180N
1663,1,0,0,0,0,2,1,0,16.8,1,1.5,0.5,0,0,0,0,00180H
1664,1,0.065624,0.025936,0,0,7,1,0,0.42,1,1.5,0.5,0,0,0,0,00140N
1665,1,0,0,0,0,2,1,0,16.8,1,1.5,0.5,0,0,0,0,00140H
1666,1,0.055476,0.021926,0,0,7,1,0,0.42,1,1.5,0.5,0,0,0,0,00130N-1
1667,1,0.119747,0.047327,0,0,7,1,0,0.42,1,1.5,0.5,0,0,0,0,00130N-2
1668,1,0,0,0,0,2,1,0,16.8,1,1.5,0.5,0,0,0,0,00130H
1669,1,0.170488,0.067381,0,0,7,1,0,0.42,1,1.5,0.5,0,0,0,0,00150N-1
1670,1,0,0,0,0,2,1,0,16.8,1,1.5,0.5,0,0,0,0,00150H
1671,1,0.280087,0.110698,0,0,7,1,0,0.42,1,1.5,0.5,0,0,0,0,00158N
1672,1,0,0,0,0,2,1,0,16.8,1,1.5,0.5,0,0,0,0,00143H
1673,1,0,0,0,0,2,1,0,16.8,1,1.5,0.5,0,0,0,0,00111H
1674,1,0.266557,0.10535,0,0,7,1,0,0.42,1,1.5,0.5,0,0,0,0,00110N-2
1675,1,0.013531,0.005348,0,0,7,1,0,0.42,1,1.5,0.5,0,0,0,0,05045N
1676,1,0,0,0,0,4,1,0,16.8,1,1.5,0.5,0,0,0,0,K226
1677,1,0,0,0,0,4,1,0,16.8,1,1.5,0.5,0,0,0,0,K225
1678,1,0,0,0,0,4,1,0,16.8,1,1.5,0.5,0,0,0,0,K224
1679,1,0,0,0,0,4,1,0,16.8,1,1.5,0.5,0,0,0,0,K222
1680,1,0,0,0,0,4,1,0,16.8,1,1.5,0.5,0,0,0,0,K220
1681,1,0,0,0,0,4,1,0,16.8,1,1.5,0.5,0,0,0,0,K218
1682,1,0,0,0,0,4,1,0,16.8,1,1.5,0.5,0,0,0,0,K217
1683,1,0,0,0,0,4,1,0,16.8,1,1.5,0.5,0,0,0,0,K216
1684,1,0,0,0,0,4,1,0,16.8,1,1.5,0.5,0,0,0,0,K214
1685,1,0,0,0,0,4,1,0,16.8,1,1.5,0.5,0,0,0,0,K213
1686,1,0,0,0,0,4,1,0,16.8,1,1.5,0.5,0,0,0,0,K1074
1687,1,0,0,0,0,4,1,0,16.8,1,1.5,0.5,0,0,0,0,K211
1688,1,0,0,0,0,4,1,0,16.8,1,1.5,0.5,0,0,0,0,K229
1689,1,0.007442,0.002941,0,0,7,1,0,0.42,1,1.5,0.5,0,0,0,0,05011N
1690,1,0.124483,0.049199,0,0,7,1,0,0.42,1,1.5,0.5,0,0,0,0,05010N
1691,1,0,0,0,0,4,1,0,16.8,1,1.5,0.5,0,0,0,0,K17
1692,1,0.041269,0.016311,0,0,7,1,0,0.42,1,1.5,0.5,0,0,0,0,05002N
1693,1,0,0,0,0,4,1,0,16.8,1,1.5,0.5,0,0,0,0,05010H
1694,1,0,0,0,0,4,1,0,16.8,1,1.5,0.5,0,0,0,0,05016H
1695,1,0,0,0,0,4,1,0,16.8,1,1.5,0.5,0,0,0,0,05016H-2
1696,1,0,0,0,0,4,1,0,16.8,1,1.5,0.5,0,0,0,0,K4
1697,3,0,0,0,0,3,1,0,50,1,1.1,0.9,0,0,0,0,05016H-50kV
1698,1,0,0,0,0,5,1,0,16.8,1,1.5,0.5,0,0,0,0,00010.281
